filename,width,height,class,xmin,ymin,xmax,ymax
data\color_wok\color_wok-N_100.jpg,1280,720,color_wok,899,278,1125,517
data\color_wok\color_wok-N_101.jpg,1280,720,color_wok,923,255,1119,511
data\color_wok\color_wok-N_102.jpg,1280,720,color_wok,905,278,1119,478
data\color_wok\color_wok-N_103.jpg,1280,720,color_wok,887,275,1099,477
data\color_wok\color_wok-N_104.jpg,1280,720,color_wok,870,220,1085,451
data\color_wok\color_wok-N_105.jpg,1280,720,color_wok,854,187,1098,426
data\color_wok\color_wok-N_106.jpg,1280,720,color_wok,850,178,1090,424
data\color_wok\color_wok-N_107.jpg,1280,720,color_wok,809,226,1045,409
data\color_wok\color_wok-N_108.jpg,1280,720,color_wok,778,237,1005,457
data\color_wok\color_wok-N_109.jpg,1280,720,color_wok,723,215,952,457
data\color_wok\color_wok-N_110.jpg,1280,720,color_wok,687,247,905,457
data\color_wok\color_wok-N_111.jpg,1280,720,color_wok,607,247,809,457
data\color_wok\color_wok-N_112.jpg,1280,720,color_wok,527,244,765,462
data\color_wok\color_wok-N_113.jpg,1280,720,color_wok,510,227,734,409
data\color_wok\color_wok-N_114.jpg,1280,720,color_wok,494,244,698,424
data\color_wok\color_wok-N_115.jpg,1280,720,color_wok,447,237,630,446
data\color_wok\color_wok-N_116.jpg,1280,720,color_wok,410,229,603,418
data\color_wok\color_wok-N_117.jpg,1280,720,color_wok,385,255,614,473
data\color_wok\color_wok-N_118.jpg,1280,720,color_wok,379,266,621,504
data\color_wok\color_wok-N_119.jpg,1280,720,color_wok,394,266,612,522
data\color_wok\color_wok-N_120.jpg,1280,720,color_wok,372,266,614,518
data\color_wok\color_wok-N_121.jpg,1280,720,color_wok,361,271,601,506
data\color_wok\color_wok-N_122.jpg,1280,720,color_wok,392,262,594,467
data\color_wok\color_wok-N_123.jpg,1280,720,color_wok,421,264,592,462
data\color_wok\color_wok-N_124.jpg,1280,720,color_wok,421,267,596,487
data\color_wok\color_wok-N_125.jpg,1280,720,color_wok,434,246,614,482
data\color_wok\color_wok-N_126.jpg,1280,720,color_wok,423,257,625,480
data\color_wok\color_wok-N_127.jpg,1280,720,color_wok,443,293,678,520
data\color_wok\color_wok-N_128.jpg,1280,720,color_wok,465,333,710,547
data\color_wok\color_wok-N_129.jpg,1280,720,color_wok,494,313,694,511
data\color_wok\color_wok-N_130.jpg,1280,720,color_wok,512,275,709,502
data\color_wok\color_wok-N_131.jpg,1280,720,color_wok,547,269,749,493
data\color_wok\color_wok-N_132.jpg,1280,720,color_wok,567,267,772,506
data\color_wok\color_wok-N_133.jpg,1280,720,color_wok,590,298,810,486
data\color_wok\color_wok-N_134.jpg,1280,720,color_wok,647,267,849,482
data\color_wok\color_wok-N_135.jpg,1280,720,color_wok,669,258,899,524
data\color_wok\color_wok-N_136.jpg,1280,720,color_wok,685,264,923,518
data\color_wok\color_wok-N_137.jpg,1280,720,color_wok,727,244,943,469
data\color_wok\color_wok-N_138.jpg,1280,720,color_wok,743,184,1009,451
data\color_wok\color_wok-N_139.jpg,1280,720,color_wok,749,49,1036,329
data\color_wok\color_wok-N_140.jpg,1280,720,color_wok,759,7,1025,235
data\color_wok\color_wok-N_141.jpg,1280,720,color_wok,752,78,959,266
data\color_wok\color_wok-N_142.jpg,1280,720,color_wok,765,182,930,462
data\color_wok\color_wok-N_143.jpg,1280,720,color_wok,730,244,909,504
data\color_wok\color_wok-N_144.jpg,1280,720,color_wok,699,262,849,438
data\color_wok\color_wok-N_145.jpg,1280,720,color_wok,592,286,774,502
data\color_wok\color_wok-N_146.jpg,1280,720,color_wok,469,293,710,517
data\color_wok\color_wok-N_147.jpg,1280,720,color_wok,358,286,587,537
data\color_wok\color_wok-N_148.jpg,1280,720,color_wok,334,211,507,451
data\color_wok\color_wok-N_149.jpg,1280,720,color_wok,354,164,499,364
data\color_wok\color_wok-N_150.jpg,1280,720,color_wok,418,187,539,351
data\color_wok\color_wok-N_151.jpg,1280,720,color_wok,496,260,674,502
data\color_wok\color_wok-N_152.jpg,1280,720,color_wok,636,307,794,560
data\color_wok\color_wok-N_153.jpg,1280,720,color_wok,752,355,927,587
data\color_wok\color_wok-N_154.jpg,1280,720,color_wok,856,384,1005,562
data\color_wok\color_wok-N_155.jpg,1280,720,color_wok,854,367,1050,564
data\color_wok\color_wok-N_156.jpg,1280,720,color_wok,859,349,1036,518
data\color_wok\color_wok-N_157.jpg,1280,720,color_wok,789,337,1009,502
data\color_wok\color_wok-N_158.jpg,1280,720,color_wok,730,306,963,487
data\color_wok\color_wok-N_159.jpg,1280,720,color_wok,659,271,923,464
data\color_wok\color_wok-N_160.jpg,1280,720,color_wok,618,215,885,444
data\color_wok\color_wok-N_161.jpg,1280,720,color_wok,592,204,809,437
data\color_wok\color_wok-N_162.jpg,1280,720,color_wok,569,215,789,473
data\color_wok\color_wok-N_163.jpg,1280,720,color_wok,530,231,754,484
data\color_wok\color_wok-N_164.jpg,1280,720,color_wok,510,246,756,487
data\color_wok\color_wok-N_165.jpg,1280,720,color_wok,563,244,770,467
data\color_wok\color_wok-N_166.jpg,1280,720,color_wok,585,213,759,446
data\color_wok\color_wok-N_167.jpg,1280,720,color_wok,576,226,754,417
data\color_wok\color_wok-N_168.jpg,1280,720,color_wok,567,240,747,451
data\color_wok\color_wok-N_169.jpg,1280,720,color_wok,558,226,750,464
data\color_wok\color_wok-N_170.jpg,1280,720,color_wok,578,262,774,444
data\color_wok\color_wok-N_171.jpg,1280,720,color_wok,572,251,765,433
data\color_wok\color_wok-N_172.jpg,1280,720,color_wok,567,231,749,460
data\color_wok\color_wok-N_173.jpg,1280,720,color_wok,559,224,739,420
data\color_wok\color_wok-N_174.jpg,1280,720,color_wok,559,209,732,391
data\color_wok\color_wok-N_175.jpg,1280,720,color_wok,567,202,738,375
data\color_wok\color_wok-N_176.jpg,1280,720,color_wok,565,220,727,433
data\color_wok\color_wok-N_177.jpg,1280,720,color_wok,563,242,747,442
data\color_wok\color_wok-N_178.jpg,1280,720,color_wok,561,287,754,467
data\color_wok\color_wok-N_179.jpg,1280,720,color_wok,569,271,749,460
data\color_wok\color_wok-N_180.jpg,1280,720,color_wok,556,291,754,478
data\color_wok\color_wok-N_181.jpg,1280,720,color_wok,541,291,709,518
data\color_wok\color_wok-N_182.jpg,1280,720,color_wok,543,318,736,518
data\color_wok\color_wok-N_183.jpg,1280,720,color_wok,610,333,805,533
data\color_wok\color_wok-N_184.jpg,1280,720,color_wok,670,380,876,557
data\color_wok\color_wok-N_185.jpg,1280,720,color_wok,681,346,870,546
data\color_wok\color_wok-N_186.jpg,1280,720,color_wok,683,309,834,506
data\color_wok\color_wok-N_187.jpg,1280,720,color_wok,694,262,903,475
data\color_wok\color_wok-N_188.jpg,1280,720,color_wok,729,311,912,467
data\color_wok\color_wok-N_189.jpg,1280,720,color_wok,714,302,929,475
data\color_wok\color_wok-N_190.jpg,1280,720,color_wok,689,271,929,478
data\color_wok\color_wok-N_191.jpg,1280,720,color_wok,650,280,889,506
data\color_wok\color_wok-N_192.jpg,1280,720,color_wok,629,257,883,495
data\color_wok\color_wok-N_193.jpg,1280,720,color_wok,649,253,894,509
data\color_wok\color_wok-N_194.jpg,1280,720,color_wok,669,267,901,515
data\color_wok\color_wok-N_195.jpg,1280,720,color_wok,718,269,918,491
data\color_wok\color_wok-N_196.jpg,1280,720,color_wok,730,251,930,497
data\color_wok\color_wok-N_197.jpg,1280,720,color_wok,701,238,938,506
data\color_wok\color_wok-N_198.jpg,1280,720,color_wok,716,257,943,511
data\color_wok\color_wok-N_199.jpg,1280,720,color_wok,750,280,959,527
data\color_wok\color_wok-N_200.jpg,1280,720,color_wok,734,284,970,507
data\color_wok\color_wok-N_201.jpg,1280,720,color_wok,754,273,1010,498
data\color_wok\color_wok-N_202.jpg,1280,720,color_wok,781,269,1032,486
data\color_wok\color_wok-N_203.jpg,1280,720,color_wok,816,264,1032,489
data\color_wok\color_wok-N_204.jpg,1280,720,color_wok,827,257,1010,495
data\color_wok\color_wok-N_205.jpg,1280,720,color_wok,805,249,989,478
data\color_wok\color_wok-N_206.jpg,1280,720,color_wok,754,258,976,486
data\color_wok\color_wok-N_207.jpg,1280,720,color_wok,727,242,959,484
data\color_wok\color_wok-N_208.jpg,1280,720,color_wok,729,246,954,462
data\color_wok\color_wok-N_209.jpg,1280,720,color_wok,727,238,947,475
data\color_wok\color_wok-N_210.jpg,1280,720,color_wok,732,229,956,469
data\color_wok\color_wok-N_211.jpg,1280,720,color_wok,709,231,930,457
data\color_wok\color_wok-N_212.jpg,1280,720,color_wok,674,220,885,440
data\color_wok\color_wok-N_213.jpg,1280,720,color_wok,659,237,830,453
data\color_wok\color_wok-N_214.jpg,1280,720,color_wok,667,246,832,447
data\color_wok\color_wok-N_215.jpg,1280,720,color_wok,681,260,850,431
data\color_wok\color_wok-N_216.jpg,1280,720,color_wok,687,242,854,420
data\color_wok\color_wok-N_217.jpg,1280,720,color_wok,663,226,850,420
data\color_wok\color_wok-N_218.jpg,1280,720,color_wok,652,218,849,447
data\color_wok\color_wok-N_219.jpg,1280,720,color_wok,630,227,830,464
data\color_wok\color_wok-N_220.jpg,1280,720,color_wok,585,244,827,477
data\color_wok\color_wok-N_221.jpg,1280,720,color_wok,592,233,816,482
data\color_wok\color_wok-N_222.jpg,1280,720,color_wok,559,231,794,458
data\color_wok\color_wok-N_223.jpg,1280,720,color_wok,550,253,756,427
data\color_wok\color_wok-N_224.jpg,1280,720,color_wok,556,200,763,455
data\color_wok\color_wok-N_225.jpg,1280,720,color_wok,576,207,787,458
data\color_wok\color_wok-N_226.jpg,1280,720,color_wok,579,220,805,447
data\color_wok\color_wok-N_227.jpg,1280,720,color_wok,578,209,812,457
data\color_wok\color_wok-N_228.jpg,1280,720,color_wok,587,222,818,477
data\color_wok\color_wok-N_229.jpg,1280,720,color_wok,616,255,803,486
data\color_wok\color_wok-N_230.jpg,1280,720,color_wok,632,267,843,478
data\color_wok\color_wok-N_231.jpg,1280,720,color_wok,638,258,872,475
data\color_wok\color_wok-N_232.jpg,1280,720,color_wok,670,237,899,464
data\color_wok\color_wok-N_233.jpg,1280,720,color_wok,647,224,909,458
data\color_wok\color_wok-N_234.jpg,1280,720,color_wok,665,189,918,438
data\color_wok\color_wok-N_235.jpg,1280,720,color_wok,678,187,905,427
data\color_wok\color_wok-N_236.jpg,1280,720,color_wok,690,182,896,418
data\color_wok\color_wok-N_237.jpg,1280,720,color_wok,716,253,927,469
data\color_wok\color_wok-N_238.jpg,1280,720,color_wok,698,317,870,513
data\color_wok\color_wok-N_239.jpg,1280,720,color_wok,614,327,801,533
data\color_wok\color_wok-N_240.jpg,1280,720,color_wok,472,306,579,482
data\color_wok\color_wok-N_241.jpg,1280,720,color_wok,267,257,474,493
data\color_wok\color_wok-N_242.jpg,1280,720,color_wok,132,215,398,478
data\color_wok\color_wok-N_243.jpg,1280,720,color_wok,156,193,429,449
data\color_wok\color_wok-N_244.jpg,1280,720,color_wok,289,213,519,444
data\color_wok\color_wok-N_245.jpg,1280,720,color_wok,485,287,652,478
data\color_wok\color_wok-N_246.jpg,1280,720,color_wok,672,362,792,564
data\color_wok\color_wok-N_247.jpg,1280,720,color_wok,747,415,939,655
data\color_wok\color_wok-N_248.jpg,1280,720,color_wok,749,375,961,611
data\color_wok\color_wok-N_249.jpg,1280,720,color_wok,679,271,789,466
data\color_wok\color_wok-N_250.jpg,1280,720,color_wok,583,122,705,307
data\color_wok\color_wok-N_251.jpg,1280,720,color_wok,501,4,643,169
data\color_wok\color_wok-N_254.jpg,1280,720,color_wok,292,73,487,313
data\color_wok\color_wok-N_255.jpg,1280,720,color_wok,276,251,490,482
data\color_wok\color_wok-N_256.jpg,1280,720,color_wok,310,302,510,531
data\color_wok\color_wok-N_257.jpg,1280,720,color_wok,379,278,565,531
data\color_wok\color_wok-N_258.jpg,1280,720,color_wok,405,304,572,497
data\color_wok\color_wok-N_259.jpg,1280,720,color_wok,450,240,661,482
data\color_wok\color_wok-N_260.jpg,1280,720,color_wok,538,200,770,437
data\color_wok\color_wok-N_261.jpg,1280,720,color_wok,652,169,876,402
data\color_wok\color_wok-N_262.jpg,1280,720,color_wok,809,231,941,466
data\color_wok\color_wok-N_263.jpg,1280,720,color_wok,903,346,1009,517
data\color_wok\color_wok-N_264.jpg,1280,720,color_wok,879,373,1101,569
data\color_wok\color_wok-N_265.jpg,1280,720,color_wok,743,373,930,580
data\color_wok\color_wok-N_266.jpg,1280,720,color_wok,538,324,739,549
data\color_wok\color_wok-N_267.jpg,1280,720,color_wok,370,266,561,484
data\color_wok\color_wok-N_268.jpg,1280,720,color_wok,230,247,436,469
data\color_wok\color_wok-N_269.jpg,1280,720,color_wok,183,293,378,518
data\color_wok\color_wok-N_27.jpg,1280,720,color_wok,443,331,665,558
data\color_wok\color_wok-N_270.jpg,1280,720,color_wok,201,309,376,537
data\color_wok\color_wok-N_271.jpg,1280,720,color_wok,207,257,396,497
data\color_wok\color_wok-N_272.jpg,1280,720,color_wok,278,173,463,418
data\color_wok\color_wok-N_273.jpg,1280,720,color_wok,378,82,556,327
data\color_wok\color_wok-N_274.jpg,1280,720,color_wok,489,33,661,277
data\color_wok\color_wok-N_275.jpg,1280,720,color_wok,568,1,754,242
data\color_wok\color_wok-N_276.jpg,1280,720,color_wok,610,1,789,218
data\color_wok\color_wok-N_277.jpg,1280,720,color_wok,663,89,858,278
data\color_wok\color_wok-N_278.jpg,1280,720,color_wok,749,277,985,480
data\color_wok\color_wok-N_279.jpg,1280,720,color_wok,809,387,1049,627
data\color_wok\color_wok-N_28.jpg,1280,720,color_wok,512,107,732,311
data\color_wok\color_wok-N_280.jpg,1280,720,color_wok,685,411,923,637
data\color_wok\color_wok-N_281.jpg,1280,720,color_wok,499,386,723,598
data\color_wok\color_wok-N_282.jpg,1280,720,color_wok,347,326,543,520
data\color_wok\color_wok-N_283.jpg,1280,720,color_wok,252,246,443,431
data\color_wok\color_wok-N_284.jpg,1280,720,color_wok,241,147,465,355
data\color_wok\color_wok-N_285.jpg,1280,720,color_wok,334,137,559,346
data\color_wok\color_wok-N_286.jpg,1280,720,color_wok,539,206,730,389
data\color_wok\color_wok-N_287.jpg,1280,720,color_wok,745,277,974,491
data\color_wok\color_wok-N_288.jpg,1280,720,color_wok,879,280,1134,522
data\color_wok\color_wok-N_289.jpg,1280,720,color_wok,901,255,1141,509
data\color_wok\color_wok-N_29.jpg,1280,720,color_wok,623,1,836,153
data\color_wok\color_wok-N_290.jpg,1280,720,color_wok,852,246,1119,477
data\color_wok\color_wok-N_291.jpg,1280,720,color_wok,774,255,1009,471
data\color_wok\color_wok-N_292.jpg,1280,720,color_wok,656,247,881,458
data\color_wok\color_wok-N_293.jpg,1280,720,color_wok,503,246,739,467
data\color_wok\color_wok-N_294.jpg,1280,720,color_wok,387,237,605,469
data\color_wok\color_wok-N_295.jpg,1280,720,color_wok,283,215,507,482
data\color_wok\color_wok-N_296.jpg,1280,720,color_wok,225,242,438,446
data\color_wok\color_wok-N_297.jpg,1280,720,color_wok,236,213,459,444
data\color_wok\color_wok-N_298.jpg,1280,720,color_wok,309,217,530,457
data\color_wok\color_wok-N_299.jpg,1280,720,color_wok,441,235,634,467
data\color_wok\color_wok-N_30.jpg,1280,720,color_wok,759,17,943,211
data\color_wok\color_wok-N_300.jpg,1280,720,color_wok,605,251,814,495
data\color_wok\color_wok-N_301.jpg,1280,720,color_wok,750,257,981,515
data\color_wok\color_wok-N_302.jpg,1280,720,color_wok,874,262,1118,524
data\color_wok\color_wok-N_303.jpg,1280,720,color_wok,970,273,1221,507
data\color_wok\color_wok-N_304.jpg,1280,720,color_wok,907,287,1154,533
data\color_wok\color_wok-N_305.jpg,1280,720,color_wok,759,300,989,540
data\color_wok\color_wok-N_306.jpg,1280,720,color_wok,592,335,821,547
data\color_wok\color_wok-N_307.jpg,1280,720,color_wok,430,302,647,517
data\color_wok\color_wok-N_308.jpg,1280,720,color_wok,309,255,514,491
data\color_wok\color_wok-N_309.jpg,1280,720,color_wok,230,173,461,420
data\color_wok\color_wok-N_31.jpg,1280,720,color_wok,787,1,976,186
data\color_wok\color_wok-N_310.jpg,1280,720,color_wok,258,118,501,367
data\color_wok\color_wok-N_311.jpg,1280,720,color_wok,367,126,587,367
data\color_wok\color_wok-N_312.jpg,1280,720,color_wok,538,187,714,426
data\color_wok\color_wok-N_313.jpg,1280,720,color_wok,705,237,912,477
data\color_wok\color_wok-N_314.jpg,1280,720,color_wok,836,253,1076,502
data\color_wok\color_wok-N_315.jpg,1280,720,color_wok,909,275,1154,504
data\color_wok\color_wok-N_316.jpg,1280,720,color_wok,878,293,1145,544
data\color_wok\color_wok-N_317.jpg,1280,720,color_wok,792,282,1012,524
data\color_wok\color_wok-N_318.jpg,1280,720,color_wok,641,215,852,451
data\color_wok\color_wok-N_319.jpg,1280,720,color_wok,498,138,745,402
data\color_wok\color_wok-N_320.jpg,1280,720,color_wok,414,169,678,417
data\color_wok\color_wok-N_321.jpg,1280,720,color_wok,396,211,618,440
data\color_wok\color_wok-N_322.jpg,1280,720,color_wok,398,246,643,484
data\color_wok\color_wok-N_323.jpg,1280,720,color_wok,467,246,723,460
data\color_wok\color_wok-N_324.jpg,1280,720,color_wok,565,249,807,444
data\color_wok\color_wok-N_325.jpg,1280,720,color_wok,669,264,916,455
data\color_wok\color_wok-N_326.jpg,1280,720,color_wok,814,275,1014,506
data\color_wok\color_wok-N_327.jpg,1280,720,color_wok,896,282,1123,522
data\color_wok\color_wok-N_328.jpg,1280,720,color_wok,910,280,1112,491
data\color_wok\color_wok-N_329.jpg,1280,720,color_wok,858,264,1045,446
data\color_wok\color_wok-N_330.jpg,1280,720,color_wok,763,286,934,464
data\color_wok\color_wok-N_331.jpg,1280,720,color_wok,603,300,789,502
data\color_wok\color_wok-N_332.jpg,1280,720,color_wok,467,335,667,540
data\color_wok\color_wok-N_333.jpg,1280,720,color_wok,358,318,539,522
data\color_wok\color_wok-N_334.jpg,1280,720,color_wok,303,262,479,473
data\color_wok\color_wok-N_335.jpg,1280,720,color_wok,318,211,498,447
data\color_wok\color_wok-N_336.jpg,1280,720,color_wok,396,233,585,457
data\color_wok\color_wok-N_337.jpg,1280,720,color_wok,519,298,721,504
data\color_wok\color_wok-N_338.jpg,1280,720,color_wok,663,353,878,560
data\color_wok\color_wok-N_339.jpg,1280,720,color_wok,799,369,1032,595
data\color_wok\color_wok-N_340.jpg,1280,720,color_wok,896,327,1159,584
data\color_wok\color_wok-N_341.jpg,1280,720,color_wok,930,297,1189,544
data\color_wok\color_wok-N_342.jpg,1280,720,color_wok,883,273,1121,497
data\color_wok\color_wok-N_343.jpg,1280,720,color_wok,814,238,994,444
data\color_wok\color_wok-N_344.jpg,1280,720,color_wok,701,171,914,406
data\color_wok\color_wok-N_345.jpg,1280,720,color_wok,629,146,839,375
data\color_wok\color_wok-N_346.jpg,1280,720,color_wok,589,137,803,366
data\color_wok\color_wok-N_347.jpg,1280,720,color_wok,558,160,776,411
data\color_wok\color_wok-N_348.jpg,1280,720,color_wok,578,178,767,415
data\color_wok\color_wok-N_349.jpg,1280,720,color_wok,581,166,776,422
data\color_wok\color_wok-N_35.jpg,1280,720,color_wok,629,89,847,307
data\color_wok\color_wok-N_350.jpg,1280,720,color_wok,563,151,799,398
data\color_wok\color_wok-N_351.jpg,1280,720,color_wok,532,151,825,398
data\color_wok\color_wok-N_352.jpg,1280,720,color_wok,554,177,794,415
data\color_wok\color_wok-N_353.jpg,1280,720,color_wok,594,180,785,433
data\color_wok\color_wok-N_354.jpg,1280,720,color_wok,589,207,796,455
data\color_wok\color_wok-N_355.jpg,1280,720,color_wok,598,238,785,460
data\color_wok\color_wok-N_356.jpg,1280,720,color_wok,612,237,803,464
data\color_wok\color_wok-N_357.jpg,1280,720,color_wok,598,209,859,478
data\color_wok\color_wok-N_358.jpg,1280,720,color_wok,594,206,838,453
data\color_wok\color_wok-N_359.jpg,1280,720,color_wok,567,209,803,464
data\color_wok\color_wok-N_36.jpg,1280,720,color_wok,647,249,836,440
data\color_wok\color_wok-N_37.jpg,1280,720,color_wok,632,227,845,507
data\color_wok\color_wok-N_38.jpg,1280,720,color_wok,621,222,869,502
data\color_wok\color_wok-N_39.jpg,1280,720,color_wok,614,231,852,520
data\color_wok\color_wok-N_40.jpg,1280,720,color_wok,625,227,854,469
data\color_wok\color_wok-N_41.jpg,1280,720,color_wok,605,187,845,493
data\color_wok\color_wok-N_42.jpg,1280,720,color_wok,565,202,834,460
data\color_wok\color_wok-N_43.jpg,1280,720,color_wok,538,127,829,413
data\color_wok\color_wok-N_44.jpg,1280,720,color_wok,554,53,839,386
data\color_wok\color_wok-N_45.jpg,1280,720,color_wok,592,67,818,347
data\color_wok\color_wok-N_46.jpg,1280,720,color_wok,616,40,879,335
data\color_wok\color_wok-N_47.jpg,1280,720,color_wok,645,35,894,335
data\color_wok\color_wok-N_48.jpg,1280,720,color_wok,649,93,867,333
data\color_wok\color_wok-N_49.jpg,1280,720,color_wok,659,135,887,351
data\color_wok\color_wok-N_50.jpg,1280,720,color_wok,641,160,869,402
data\color_wok\color_wok-N_51.jpg,1280,720,color_wok,589,171,841,435
data\color_wok\color_wok-N_52.jpg,1280,720,color_wok,610,189,843,440
data\color_wok\color_wok-N_53.jpg,1280,720,color_wok,630,191,899,433
data\color_wok\color_wok-N_54.jpg,1280,720,color_wok,643,169,867,415
data\color_wok\color_wok-N_55.jpg,1280,720,color_wok,656,187,890,424
data\color_wok\color_wok-N_56.jpg,1280,720,color_wok,670,162,887,413
data\color_wok\color_wok-N_57.jpg,1280,720,color_wok,667,97,898,387
data\color_wok\color_wok-N_58.jpg,1280,720,color_wok,645,140,939,411
data\color_wok\color_wok-N_59.jpg,1280,720,color_wok,681,153,941,457
data\color_wok\color_wok-N_60.jpg,1280,720,color_wok,736,193,941,457
data\color_wok\color_wok-N_61.jpg,1280,720,color_wok,645,197,958,447
data\color_wok\color_wok-N_62.jpg,1280,720,color_wok,632,215,870,427
data\color_wok\color_wok-N_63.jpg,1280,720,color_wok,612,222,876,475
data\color_wok\color_wok-N_64.jpg,1280,720,color_wok,658,257,872,509
data\color_wok\color_wok-N_65.jpg,1280,720,color_wok,670,302,850,537
data\color_wok\color_wok-N_66.jpg,1280,720,color_wok,623,358,889,533
data\color_wok\color_wok-N_67.jpg,1280,720,color_wok,572,382,814,535
data\color_wok\color_wok-N_68.jpg,1280,720,color_wok,518,324,627,495
data\color_wok\color_wok-N_69.jpg,1280,720,color_wok,452,391,612,582
data\color_wok\color_wok-N_70.jpg,1280,720,color_wok,410,398,619,622
data\color_wok\color_wok-N_71.jpg,1280,720,color_wok,472,393,661,600
data\color_wok\color_wok-N_72.jpg,1280,720,color_wok,481,351,674,564
data\color_wok\color_wok-N_73.jpg,1280,720,color_wok,499,287,685,489
data\color_wok\color_wok-N_74.jpg,1280,720,color_wok,509,211,707,413
data\color_wok\color_wok-N_75.jpg,1280,720,color_wok,512,189,739,431
data\color_wok\color_wok-N_76.jpg,1280,720,color_wok,539,229,790,491
data\color_wok\color_wok-N_77.jpg,1280,720,color_wok,598,237,816,475
data\color_wok\color_wok-N_78.jpg,1280,720,color_wok,656,237,865,440
data\color_wok\color_wok-N_79.jpg,1280,720,color_wok,674,202,919,462
data\color_wok\color_wok-N_80.jpg,1280,720,color_wok,654,189,923,467
data\color_wok\color_wok-N_81.jpg,1280,720,color_wok,670,182,938,449
data\color_wok\color_wok-N_82.jpg,1280,720,color_wok,701,184,932,442
data\color_wok\color_wok-N_83.jpg,1280,720,color_wok,689,202,919,426
data\color_wok\color_wok-N_84.jpg,1280,720,color_wok,690,249,919,455
data\color_wok\color_wok-N_85.jpg,1280,720,color_wok,674,213,916,482
data\color_wok\color_wok-N_86.jpg,1280,720,color_wok,659,195,905,475
data\color_wok\color_wok-N_87.jpg,1280,720,color_wok,681,195,910,426
data\color_wok\color_wok-N_88.jpg,1280,720,color_wok,681,193,907,420
data\color_wok\color_wok-N_89.jpg,1280,720,color_wok,694,200,936,478
data\color_wok\color_wok-N_90.jpg,1280,720,color_wok,689,217,943,491
data\color_wok\color_wok-N_91.jpg,1280,720,color_wok,672,247,950,484
data\color_wok\color_wok-N_92.jpg,1280,720,color_wok,678,204,925,462
data\color_wok\color_wok-N_93.jpg,1280,720,color_wok,669,209,914,498
data\color_wok\color_wok-N_94.jpg,1280,720,color_wok,650,278,889,502
data\color_wok\color_wok-N_95.jpg,1280,720,color_wok,689,293,892,511
data\color_wok\color_wok-N_96.jpg,1280,720,color_wok,734,271,927,511
data\color_wok\color_wok-N_97.jpg,1280,720,color_wok,823,282,1016,504
data\color_wok\color_wok-N_98.jpg,1280,720,color_wok,852,298,1081,484
data\color_wok\color_wok-N_99.jpg,1280,720,color_wok,854,298,1107,482
data\craft_wok\craft_wok-N_100.jpg,1280,720,craft_wok,605,297,810,489
data\craft_wok\craft_wok-N_101.jpg,1280,720,craft_wok,618,229,883,480
data\craft_wok\craft_wok-N_102.jpg,1280,720,craft_wok,630,264,874,484
data\craft_wok\craft_wok-N_103.jpg,1280,720,craft_wok,629,260,854,533
data\craft_wok\craft_wok-N_104.jpg,1280,720,craft_wok,616,266,859,538
data\craft_wok\craft_wok-N_105.jpg,1280,720,craft_wok,643,275,854,500
data\craft_wok\craft_wok-N_106.jpg,1280,720,craft_wok,639,271,847,522
data\craft_wok\craft_wok-N_107.jpg,1280,720,craft_wok,659,249,907,535
data\craft_wok\craft_wok-N_108.jpg,1280,720,craft_wok,729,258,994,517
data\craft_wok\craft_wok-N_109.jpg,1280,720,craft_wok,829,258,1052,511
data\craft_wok\craft_wok-N_110.jpg,1280,720,craft_wok,870,251,1127,511
data\craft_wok\craft_wok-N_111.jpg,1280,720,craft_wok,905,255,1172,518
data\craft_wok\craft_wok-N_112.jpg,1280,720,craft_wok,945,264,1221,546
data\craft_wok\craft_wok-N_113.jpg,1280,720,craft_wok,992,255,1245,526
data\craft_wok\craft_wok-N_114.jpg,1280,720,craft_wok,954,264,1227,524
data\craft_wok\craft_wok-N_115.jpg,1280,720,craft_wok,938,282,1179,533
data\craft_wok\craft_wok-N_116.jpg,1280,720,craft_wok,879,267,1125,533
data\craft_wok\craft_wok-N_117.jpg,1280,720,craft_wok,801,295,1027,500
data\craft_wok\craft_wok-N_118.jpg,1280,720,craft_wok,718,267,961,487
data\craft_wok\craft_wok-N_119.jpg,1280,720,craft_wok,650,206,923,449
data\craft_wok\craft_wok-N_120.jpg,1280,720,craft_wok,610,157,858,422
data\craft_wok\craft_wok-N_121.jpg,1280,720,craft_wok,596,140,778,411
data\craft_wok\craft_wok-N_122.jpg,1280,720,craft_wok,549,171,729,435
data\craft_wok\craft_wok-N_123.jpg,1280,720,craft_wok,496,209,696,409
data\craft_wok\craft_wok-N_124.jpg,1280,720,craft_wok,474,282,652,473
data\craft_wok\craft_wok-N_125.jpg,1280,720,craft_wok,410,298,607,538
data\craft_wok\craft_wok-N_126.jpg,1280,720,craft_wok,339,329,576,522
data\craft_wok\craft_wok-N_127.jpg,1280,720,craft_wok,278,318,529,546
data\craft_wok\craft_wok-N_128.jpg,1280,720,craft_wok,261,318,505,555
data\craft_wok\craft_wok-N_129.jpg,1280,720,craft_wok,281,340,518,520
data\craft_wok\craft_wok-N_130.jpg,1280,720,craft_wok,309,284,558,511
data\craft_wok\craft_wok-N_131.jpg,1280,720,craft_wok,418,307,612,477
data\craft_wok\craft_wok-N_132.jpg,1280,720,craft_wok,498,331,678,506
data\craft_wok\craft_wok-N_133.jpg,1280,720,craft_wok,552,347,739,540
data\craft_wok\craft_wok-N_134.jpg,1280,720,craft_wok,629,360,816,526
data\craft_wok\craft_wok-N_135.jpg,1280,720,craft_wok,698,351,876,533
data\craft_wok\craft_wok-N_136.jpg,1280,720,craft_wok,765,353,918,491
data\craft_wok\craft_wok-N_137.jpg,1280,720,craft_wok,807,333,979,513
data\craft_wok\craft_wok-N_138.jpg,1280,720,craft_wok,827,318,1023,526
data\craft_wok\craft_wok-N_139.jpg,1280,720,craft_wok,849,324,1069,502
data\craft_wok\craft_wok-N_140.jpg,1280,720,craft_wok,885,287,1119,502
data\craft_wok\craft_wok-N_141.jpg,1280,720,craft_wok,892,251,1147,491
data\craft_wok\craft_wok-N_142.jpg,1280,720,craft_wok,905,217,1169,480
data\craft_wok\craft_wok-N_143.jpg,1280,720,craft_wok,916,213,1169,473
data\craft_wok\craft_wok-N_144.jpg,1280,720,craft_wok,907,222,1149,451
data\craft_wok\craft_wok-N_145.jpg,1280,720,craft_wok,909,198,1129,424
data\craft_wok\craft_wok-N_146.jpg,1280,720,craft_wok,903,158,1141,402
data\craft_wok\craft_wok-N_147.jpg,1280,720,craft_wok,912,164,1143,389
data\craft_wok\craft_wok-N_148.jpg,1280,720,craft_wok,907,118,1145,397
data\craft_wok\craft_wok-N_149.jpg,1280,720,craft_wok,907,120,1129,404
data\craft_wok\craft_wok-N_150.jpg,1280,720,craft_wok,905,157,1110,411
data\craft_wok\craft_wok-N_151.jpg,1280,720,craft_wok,898,202,1092,437
data\craft_wok\craft_wok-N_152.jpg,1280,720,craft_wok,894,222,1074,457
data\craft_wok\craft_wok-N_153.jpg,1280,720,craft_wok,867,255,1063,491
data\craft_wok\craft_wok-N_154.jpg,1280,720,craft_wok,867,257,1083,493
data\craft_wok\craft_wok-N_155.jpg,1280,720,craft_wok,859,231,1079,457
data\craft_wok\craft_wok-N_156.jpg,1280,720,craft_wok,865,244,1058,487
data\craft_wok\craft_wok-N_157.jpg,1280,720,craft_wok,792,260,1014,482
data\craft_wok\craft_wok-N_158.jpg,1280,720,craft_wok,709,267,963,522
data\craft_wok\craft_wok-N_159.jpg,1280,720,craft_wok,587,267,823,526
data\craft_wok\craft_wok-N_160.jpg,1280,720,craft_wok,423,238,621,455
data\craft_wok\craft_wok-N_161.jpg,1280,720,craft_wok,252,166,487,409
data\craft_wok\craft_wok-N_162.jpg,1280,720,craft_wok,74,64,387,342
data\craft_wok\craft_wok-N_163.jpg,1280,720,craft_wok,9,1,332,382
data\craft_wok\craft_wok-N_164.jpg,1280,720,craft_wok,7,20,345,398
data\craft_wok\craft_wok-N_165.jpg,1280,720,craft_wok,147,144,396,422
data\craft_wok\craft_wok-N_166.jpg,1280,720,craft_wok,301,229,501,420
data\craft_wok\craft_wok-N_167.jpg,1280,720,craft_wok,416,324,603,491
data\craft_wok\craft_wok-N_168.jpg,1280,720,craft_wok,529,429,739,642
data\craft_wok\craft_wok-N_171.jpg,1280,720,craft_wok,712,433,910,646
data\craft_wok\craft_wok-N_172.jpg,1280,720,craft_wok,679,257,861,464
data\craft_wok\craft_wok-N_173.jpg,1280,720,craft_wok,656,104,856,306
data\craft_wok\craft_wok-N_174.jpg,1280,720,craft_wok,692,66,901,315
data\craft_wok\craft_wok-N_175.jpg,1280,720,craft_wok,819,144,1021,357
data\craft_wok\craft_wok-N_176.jpg,1280,720,craft_wok,910,117,1145,346
data\craft_wok\craft_wok-N_177.jpg,1280,720,craft_wok,898,31,1129,266
data\craft_wok\craft_wok-N_181.jpg,1280,720,craft_wok,434,42,634,273
data\craft_wok\craft_wok-N_182.jpg,1280,720,craft_wok,374,211,558,427
data\craft_wok\craft_wok-N_183.jpg,1280,720,craft_wok,367,322,532,547
data\craft_wok\craft_wok-N_184.jpg,1280,720,craft_wok,383,324,574,546
data\craft_wok\craft_wok-N_185.jpg,1280,720,craft_wok,454,304,658,531
data\craft_wok\craft_wok-N_186.jpg,1280,720,craft_wok,619,302,825,542
data\craft_wok\craft_wok-N_187.jpg,1280,720,craft_wok,821,322,1059,567
data\craft_wok\craft_wok-N_188.jpg,1280,720,craft_wok,1005,329,1229,569
data\craft_wok\craft_wok-N_189.jpg,1280,720,craft_wok,996,313,1219,553
data\craft_wok\craft_wok-N_190.jpg,1280,720,craft_wok,858,255,1090,502
data\craft_wok\craft_wok-N_191.jpg,1280,720,craft_wok,736,231,961,475
data\craft_wok\craft_wok-N_192.jpg,1280,720,craft_wok,703,329,927,558
data\craft_wok\craft_wok-N_193.jpg,1280,720,craft_wok,759,486,999,715
data\craft_wok\craft_wok-N_198.jpg,1280,720,craft_wok,661,338,854,537
data\craft_wok\craft_wok-N_199.jpg,1280,720,craft_wok,607,151,798,333
data\craft_wok\craft_wok-N_200.jpg,1280,720,craft_wok,590,73,785,251
data\craft_wok\craft_wok-N_201.jpg,1280,720,craft_wok,603,129,779,304
data\craft_wok\craft_wok-N_202.jpg,1280,720,craft_wok,599,180,805,402
data\craft_wok\craft_wok-N_203.jpg,1280,720,craft_wok,612,215,816,455
data\craft_wok\craft_wok-N_204.jpg,1280,720,craft_wok,645,226,832,451
data\craft_wok\craft_wok-N_205.jpg,1280,720,craft_wok,665,217,870,453
data\craft_wok\craft_wok-N_206.jpg,1280,720,craft_wok,667,206,903,444
data\craft_wok\craft_wok-N_207.jpg,1280,720,craft_wok,670,193,890,404
data\craft_wok\craft_wok-N_208.jpg,1280,720,craft_wok,683,178,905,400
data\craft_wok\craft_wok-N_209.jpg,1280,720,craft_wok,714,187,914,400
data\craft_wok\craft_wok-N_210.jpg,1280,720,craft_wok,739,227,939,435
data\craft_wok\craft_wok-N_211.jpg,1280,720,craft_wok,734,267,947,460
data\craft_wok\craft_wok-N_212.jpg,1280,720,craft_wok,750,213,932,466
data\craft_wok\craft_wok-N_213.jpg,1280,720,craft_wok,758,211,943,420
data\craft_wok\craft_wok-N_214.jpg,1280,720,craft_wok,767,235,954,427
data\craft_wok\craft_wok-N_215.jpg,1280,720,craft_wok,761,238,956,446
data\craft_wok\craft_wok-N_216.jpg,1280,720,craft_wok,759,255,970,447
data\craft_wok\craft_wok-N_217.jpg,1280,720,craft_wok,763,253,938,455
data\craft_wok\craft_wok-N_218.jpg,1280,720,craft_wok,761,235,939,453
data\craft_wok\craft_wok-N_219.jpg,1280,720,craft_wok,752,233,938,440
data\craft_wok\craft_wok-N_220.jpg,1280,720,craft_wok,732,218,941,424
data\craft_wok\craft_wok-N_221.jpg,1280,720,craft_wok,699,184,919,393
data\craft_wok\craft_wok-N_222.jpg,1280,720,craft_wok,679,149,901,353
data\craft_wok\craft_wok-N_223.jpg,1280,720,craft_wok,670,137,876,362
data\craft_wok\craft_wok-N_224.jpg,1280,720,craft_wok,650,135,849,347
data\craft_wok\craft_wok-N_225.jpg,1280,720,craft_wok,603,118,849,371
data\craft_wok\craft_wok-N_226.jpg,1280,720,craft_wok,550,106,810,400
data\craft_wok\craft_wok-N_227.jpg,1280,720,craft_wok,470,157,719,440
data\craft_wok\craft_wok-N_228.jpg,1280,720,craft_wok,458,231,654,487
data\craft_wok\craft_wok-N_229.jpg,1280,720,craft_wok,389,264,638,500
data\craft_wok\craft_wok-N_230.jpg,1280,720,craft_wok,374,247,623,475
data\craft_wok\craft_wok-N_231.jpg,1280,720,craft_wok,374,240,616,469
data\craft_wok\craft_wok-N_232.jpg,1280,720,craft_wok,378,240,612,464
data\craft_wok\craft_wok-N_233.jpg,1280,720,craft_wok,412,249,627,462
data\craft_wok\craft_wok-N_234.jpg,1280,720,craft_wok,409,238,599,466
data\craft_wok\craft_wok-N_235.jpg,1280,720,craft_wok,425,238,572,447
data\craft_wok\craft_wok-N_236.jpg,1280,720,craft_wok,416,237,576,447
data\craft_wok\craft_wok-N_237.jpg,1280,720,craft_wok,430,220,587,446
data\craft_wok\craft_wok-N_238.jpg,1280,720,craft_wok,396,197,552,446
data\craft_wok\craft_wok-N_239.jpg,1280,720,craft_wok,349,335,521,475
data\craft_wok\craft_wok-N_240.jpg,1280,720,craft_wok,318,313,529,497
data\craft_wok\craft_wok-N_241.jpg,1280,720,craft_wok,287,255,409,438
data\craft_wok\craft_wok-N_242.jpg,1280,720,craft_wok,219,231,447,473
data\craft_wok\craft_wok-N_243.jpg,1280,720,craft_wok,198,220,481,480
data\craft_wok\craft_wok-N_244.jpg,1280,720,craft_wok,218,258,527,533
data\craft_wok\craft_wok-N_245.jpg,1280,720,craft_wok,316,278,587,551
data\craft_wok\craft_wok-N_246.jpg,1280,720,craft_wok,341,271,614,551
data\craft_wok\craft_wok-N_247.jpg,1280,720,craft_wok,316,267,623,509
data\craft_wok\craft_wok-N_248.jpg,1280,720,craft_wok,369,278,596,526
data\craft_wok\craft_wok-N_249.jpg,1280,720,craft_wok,385,291,650,526
data\craft_wok\craft_wok-N_250.jpg,1280,720,craft_wok,430,277,669,557
data\craft_wok\craft_wok-N_251.jpg,1280,720,craft_wok,459,253,674,529
data\craft_wok\craft_wok-N_252.jpg,1280,720,craft_wok,472,237,703,471
data\craft_wok\craft_wok-N_253.jpg,1280,720,craft_wok,498,293,738,506
data\craft_wok\craft_wok-N_254.jpg,1280,720,craft_wok,547,293,772,537
data\craft_wok\craft_wok-N_255.jpg,1280,720,craft_wok,587,327,832,504
data\craft_wok\craft_wok-N_256.jpg,1280,720,craft_wok,623,304,852,533
data\craft_wok\craft_wok-N_257.jpg,1280,720,craft_wok,687,286,861,524
data\craft_wok\craft_wok-N_258.jpg,1280,720,craft_wok,714,309,896,524
data\craft_wok\craft_wok-N_259.jpg,1280,720,craft_wok,732,317,919,524
data\craft_wok\craft_wok-N_260.jpg,1280,720,craft_wok,738,275,950,497
data\craft_wok\craft_wok-N_261.jpg,1280,720,craft_wok,759,257,1007,489
data\craft_wok\craft_wok-N_262.jpg,1280,720,craft_wok,792,295,1054,507
data\craft_wok\craft_wok-N_263.jpg,1280,720,craft_wok,819,289,1059,506
data\craft_wok\craft_wok-N_264.jpg,1280,720,craft_wok,829,266,1023,489
data\craft_wok\craft_wok-N_265.jpg,1280,720,craft_wok,838,247,1039,491
data\craft_wok\craft_wok-N_266.jpg,1280,720,craft_wok,856,249,1054,506
data\craft_wok\craft_wok-N_267.jpg,1280,720,craft_wok,850,273,1078,500
data\craft_wok\craft_wok-N_268.jpg,1280,720,craft_wok,858,300,1083,509
data\craft_wok\craft_wok-N_269.jpg,1280,720,craft_wok,854,344,1078,529
data\craft_wok\craft_wok-N_270.jpg,1280,720,craft_wok,863,298,1094,546
data\craft_wok\craft_wok-N_271.jpg,1280,720,craft_wok,881,317,1087,540
data\craft_wok\craft_wok-N_272.jpg,1280,720,craft_wok,901,280,1116,507
data\craft_wok\craft_wok-N_273.jpg,1280,720,craft_wok,907,258,1103,497
data\craft_wok\craft_wok-N_274.jpg,1280,720,craft_wok,894,266,1114,493
data\craft_wok\craft_wok-N_275.jpg,1280,720,craft_wok,885,264,1096,487
data\craft_wok\craft_wok-N_276.jpg,1280,720,craft_wok,885,251,1059,462
data\craft_wok\craft_wok-N_277.jpg,1280,720,craft_wok,832,269,1014,482
data\craft_wok\craft_wok-N_278.jpg,1280,720,craft_wok,823,295,1063,506
data\craft_wok\craft_wok-N_279.jpg,1280,720,craft_wok,836,311,1054,531
data\craft_wok\craft_wok-N_280.jpg,1280,720,craft_wok,792,284,1043,546
data\craft_wok\craft_wok-N_281.jpg,1280,720,craft_wok,687,267,950,549
data\craft_wok\craft_wok-N_282.jpg,1280,720,craft_wok,605,293,836,504
data\craft_wok\craft_wok-N_283.jpg,1280,720,craft_wok,490,257,703,502
data\craft_wok\craft_wok-N_284.jpg,1280,720,craft_wok,385,238,594,504
data\craft_wok\craft_wok-N_285.jpg,1280,720,craft_wok,290,226,516,495
data\craft_wok\craft_wok-N_286.jpg,1280,720,craft_wok,232,204,498,475
data\craft_wok\craft_wok-N_287.jpg,1280,720,craft_wok,236,244,481,440
data\craft_wok\craft_wok-N_288.jpg,1280,720,craft_wok,267,231,492,475
data\craft_wok\craft_wok-N_289.jpg,1280,720,craft_wok,329,258,554,453
data\craft_wok\craft_wok-N_290.jpg,1280,720,craft_wok,376,238,610,477
data\craft_wok\craft_wok-N_291.jpg,1280,720,craft_wok,394,207,638,475
data\craft_wok\craft_wok-N_292.jpg,1280,720,craft_wok,443,227,698,460
data\craft_wok\craft_wok-N_293.jpg,1280,720,craft_wok,519,211,732,451
data\craft_wok\craft_wok-N_294.jpg,1280,720,craft_wok,558,226,759,471
data\craft_wok\craft_wok-N_295.jpg,1280,720,craft_wok,574,257,772,491
data\craft_wok\craft_wok-N_296.jpg,1280,720,craft_wok,565,258,772,482
data\craft_wok\craft_wok-N_297.jpg,1280,720,craft_wok,558,271,758,464
data\craft_wok\craft_wok-N_298.jpg,1280,720,craft_wok,532,267,752,475
data\craft_wok\craft_wok-N_299.jpg,1280,720,craft_wok,489,242,716,469
data\craft_wok\craft_wok-N_30.jpg,1280,720,craft_wok,714,344,959,595
data\craft_wok\craft_wok-N_300.jpg,1280,720,craft_wok,439,238,679,464
data\craft_wok\craft_wok-N_301.jpg,1280,720,craft_wok,394,220,621,473
data\craft_wok\craft_wok-N_302.jpg,1280,720,craft_wok,298,213,550,482
data\craft_wok\craft_wok-N_303.jpg,1280,720,craft_wok,256,215,530,471
data\craft_wok\craft_wok-N_304.jpg,1280,720,craft_wok,301,220,536,442
data\craft_wok\craft_wok-N_305.jpg,1280,720,craft_wok,336,206,554,411
data\craft_wok\craft_wok-N_306.jpg,1280,720,craft_wok,356,193,590,387
data\craft_wok\craft_wok-N_307.jpg,1280,720,craft_wok,379,182,636,391
data\craft_wok\craft_wok-N_308.jpg,1280,720,craft_wok,430,224,656,424
data\craft_wok\craft_wok-N_309.jpg,1280,720,craft_wok,490,235,741,486
data\craft_wok\craft_wok-N_31.jpg,1280,720,craft_wokw,692,95,923,311
data\craft_wok\craft_wok-N_310.jpg,1280,720,craft_wok,594,242,852,520
data\craft_wok\craft_wok-N_311.jpg,1280,720,craft_wok,649,237,921,527
data\craft_wok\craft_wok-N_312.jpg,1280,720,craft_wok,718,246,972,515
data\craft_wok\craft_wok-N_313.jpg,1280,720,craft_wok,794,249,1019,509
data\craft_wok\craft_wok-N_314.jpg,1280,720,craft_wok,836,218,1099,506
data\craft_wok\craft_wok-N_315.jpg,1280,720,craft_wok,889,220,1150,467
data\craft_wok\craft_wok-N_316.jpg,1280,720,craft_wok,952,204,1194,473
data\craft_wok\craft_wok-N_317.jpg,1280,720,craft_wok,981,206,1219,453
data\craft_wok\craft_wok-N_318.jpg,1280,720,craft_wok,999,207,1216,446
data\craft_wok\craft_wok-N_319.jpg,1280,720,craft_wok,1014,197,1205,444
data\craft_wok\craft_wok-N_32.jpg,1280,720,craft_wokw,707,4,934,120
data\craft_wok\craft_wok-N_320.jpg,1280,720,craft_wok,992,229,1218,447
data\craft_wok\craft_wok-N_321.jpg,1280,720,craft_wok,932,226,1187,449
data\craft_wok\craft_wok-N_322.jpg,1280,720,craft_wok,892,253,1132,462
data\craft_wok\craft_wok-N_323.jpg,1280,720,craft_wok,843,242,1089,458
data\craft_wok\craft_wok-N_324.jpg,1280,720,craft_wok,796,226,1027,451
data\craft_wok\craft_wok-N_325.jpg,1280,720,craft_wok,729,229,941,446
data\craft_wok\craft_wok-N_326.jpg,1280,720,craft_wok,652,224,850,429
data\craft_wok\craft_wok-N_327.jpg,1280,720,craft_wok,561,217,763,420
data\craft_wok\craft_wok-N_328.jpg,1280,720,craft_wok,509,213,678,417
data\craft_wok\craft_wok-N_329.jpg,1280,720,craft_wok,427,217,594,411
data\craft_wok\craft_wok-N_330.jpg,1280,720,craft_wok,383,220,538,402
data\craft_wok\craft_wok-N_331.jpg,1280,720,craft_wok,323,260,554,478
data\craft_wok\craft_wok-N_332.jpg,1280,720,craft_wok,249,289,485,517
data\craft_wok\craft_wok-N_333.jpg,1280,720,craft_wok,210,300,396,509
data\craft_wok\craft_wok-N_334.jpg,1280,720,craft_wok,181,251,418,504
data\craft_wok\craft_wok-N_335.jpg,1280,720,craft_wok,221,206,461,471
data\craft_wok\craft_wok-N_336.jpg,1280,720,craft_wok,303,169,503,389
data\craft_wok\craft_wok-N_337.jpg,1280,720,craft_wok,370,175,592,366
data\craft_wok\craft_wok-N_338.jpg,1280,720,craft_wok,487,277,632,477
data\craft_wok\craft_wok-N_339.jpg,1280,720,craft_wok,510,324,707,540
data\craft_wok\craft_wok-N_340.jpg,1280,720,craft_wok,581,317,765,555
data\craft_wok\craft_wok-N_341.jpg,1280,720,craft_wok,614,273,861,506
data\craft_wok\craft_wok-N_342.jpg,1280,720,craft_wok,714,289,952,513
data\craft_wok\craft_wok-N_343.jpg,1280,720,craft_wok,832,282,1081,537
data\craft_wok\craft_wok-N_344.jpg,1280,720,craft_wok,907,298,1119,529
data\craft_wok\craft_wok-N_345.jpg,1280,720,craft_wok,898,298,1119,517
data\craft_wok\craft_wok-N_346.jpg,1280,720,craft_wok,919,317,1132,502
data\craft_wok\craft_wok-N_347.jpg,1280,720,craft_wok,967,309,1183,520
data\craft_wok\craft_wok-N_348.jpg,1280,720,craft_wok,910,309,1147,547
data\craft_wok\craft_wok-N_349.jpg,1280,720,craft_wok,829,280,1047,531
data\craft_wok\craft_wok-N_35.jpg,1280,720,craft_wokw,732,82,985,327
data\craft_wok\craft_wok-N_350.jpg,1280,720,craft_wok,765,271,970,513
data\craft_wok\craft_wok-N_351.jpg,1280,720,craft_wok,690,257,881,447
data\craft_wok\craft_wok-N_352.jpg,1280,720,craft_wok,612,246,829,464
data\craft_wok\craft_wok-N_353.jpg,1280,720,craft_wok,512,193,752,475
data\craft_wok\craft_wok-N_354.jpg,1280,720,craft_wok,416,209,652,473
data\craft_wok\craft_wok-N_355.jpg,1280,720,craft_wok,354,240,558,478
data\craft_wok\craft_wok-N_356.jpg,1280,720,craft_wok,272,255,529,513
data\craft_wok\craft_wok-N_357.jpg,1280,720,craft_wok,238,260,499,502
data\craft_wok\craft_wok-N_358.jpg,1280,720,craft_wok,239,251,505,513
data\craft_wok\craft_wok-N_359.jpg,1280,720,craft_wok,245,277,519,538
data\craft_wok\craft_wok-N_36.jpg,1280,720,craft_wok,745,367,961,602
data\craft_wok\craft_wok-N_42.jpg,1280,720,craft_wokw,643,309,861,562
data\craft_wok\craft_wok-N_43.jpg,1280,720,craft_wok,643,129,841,369
data\craft_wok\craft_wok-N_44.jpg,1280,720,craft_wok,656,16,839,187
data\craft_wok\craft_wok-N_45.jpg,1280,720,craft_wok,667,1,847,184
data\craft_wok\craft_wok-N_46.jpg,1280,720,craft_wok,669,78,874,335
data\craft_wok\craft_wok-N_47.jpg,1280,720,craft_wok,679,282,869,542
data\craft_wok\craft_wok-N_48.jpg,1280,720,craft_wok,663,362,872,606
data\craft_wok\craft_wok-N_49.jpg,1280,720,craft_wok,625,313,863,609
data\craft_wok\craft_wok-N_50.jpg,1280,720,craft_wok,625,282,890,569
data\craft_wok\craft_wok-N_51.jpg,1280,720,craft_wok,619,275,881,549
data\craft_wok\craft_wok-N_52.jpg,1280,720,craft_wok,601,266,896,557
data\craft_wok\craft_wok-N_53.jpg,1280,720,craft_wok,609,227,879,527
data\craft_wok\craft_wok-N_54.jpg,1280,720,craft_wok,590,231,874,457
data\craft_wok\craft_wok-N_55.jpg,1280,720,craft_wok,612,218,861,438
data\craft_wok\craft_wok-N_56.jpg,1280,720,craft_wok,619,173,899,433
data\craft_wok\craft_wok-N_57.jpg,1280,720,craft_wok,638,175,907,438
data\craft_wok\craft_wok-N_58.jpg,1280,720,craft_wok,632,187,899,460
data\craft_wok\craft_wok-N_59.jpg,1280,720,craft_wok,616,186,887,462
data\craft_wok\craft_wok-N_60.jpg,1280,720,craft_wok,625,189,876,460
data\craft_wok\craft_wok-N_61.jpg,1280,720,craft_wok,623,187,854,460
data\craft_wok\craft_wok-N_62.jpg,1280,720,craft_wok,632,193,845,446
data\craft_wok\craft_wok-N_63.jpg,1280,720,craft_wok,625,213,827,426
data\craft_wok\craft_wok-N_64.jpg,1280,720,craft_wok,638,227,863,453
data\craft_wok\craft_wok-N_65.jpg,1280,720,craft_wok,661,224,899,495
data\craft_wok\craft_wok-N_66.jpg,1280,720,craft_wok,665,238,914,526
data\craft_wok\craft_wok-N_67.jpg,1280,720,craft_wok,665,267,976,527
data\craft_wok\craft_wok-N_68.jpg,1280,720,craft_wok,661,267,950,520
data\craft_wok\craft_wok-N_69.jpg,1280,720,craft_wok,661,273,961,517
data\craft_wok\craft_wok-N_70.jpg,1280,720,craft_wok,667,249,954,517
data\craft_wok\craft_wok-N_71.jpg,1280,720,craft_wok,685,215,918,471
data\craft_wok\craft_wok-N_72.jpg,1280,720,craft_wok,705,260,918,493
data\craft_wok\craft_wok-N_73.jpg,1280,720,craft_wok,672,264,903,529
data\craft_wok\craft_wok-N_74.jpg,1280,720,craft_wok,652,244,899,529
data\craft_wok\craft_wok-N_75.jpg,1280,720,craft_wok,634,249,890,497
data\craft_wok\craft_wok-N_76.jpg,1280,720,craft_wok,614,262,878,498
data\craft_wok\craft_wok-N_77.jpg,1280,720,craft_wok,619,233,867,493
data\craft_wok\craft_wok-N_78.jpg,1280,720,craft_wok,598,237,845,513
data\craft_wok\craft_wok-N_79.jpg,1280,720,craft_wok,625,224,876,480
data\craft_wok\craft_wok-N_80.jpg,1280,720,craft_wok,649,204,867,467
data\craft_wok\craft_wok-N_81.jpg,1280,720,craft_wok,630,197,839,457
data\craft_wok\craft_wok-N_82.jpg,1280,720,craft_wok,658,189,849,444
data\craft_wok\craft_wok-N_83.jpg,1280,720,craft_wok,645,195,850,451
data\craft_wok\craft_wok-N_84.jpg,1280,720,craft_wok,652,244,852,498
data\craft_wok\craft_wok-N_85.jpg,1280,720,craft_wok,645,355,869,538
data\craft_wok\craft_wok-N_86.jpg,1280,720,craft_wok,652,335,867,569
data\craft_wok\craft_wok-N_87.jpg,1280,720,craft_wok,627,353,774,584
data\craft_wok\craft_wok-N_88.jpg,1280,720,craft_wok,576,340,801,611
data\craft_wok\craft_wok-N_89.jpg,1280,720,craft_wok,590,346,830,609
data\craft_wok\craft_wok-N_90.jpg,1280,720,craft_wok,612,375,892,646
data\craft_wok\craft_wok-N_91.jpg,1280,720,craft_wok,663,351,912,631
data\craft_wok\craft_wok-N_92.jpg,1280,720,craft_wok,698,273,932,564
data\craft_wok\craft_wok-N_93.jpg,1280,720,craft_wok,694,235,947,482
data\craft_wok\craft_wok-N_94.jpg,1280,720,craft_wok,674,166,921,422
data\craft_wok\craft_wok-N_95.jpg,1280,720,craft_wok,614,162,865,460
data\craft_wok\craft_wok-N_96.jpg,1280,720,craft_wok,607,287,794,475
data\craft_wok\craft_wok-N_97.jpg,1280,720,craft_wok,616,304,852,575
data\craft_wok\craft_wok-N_98.jpg,1280,720,craft_wok,590,311,834,595
data\craft_wok\craft_wok-N_99.jpg,1280,720,craft_wok,590,284,779,542
data\cup\cup-N_100.jpg,1280,720,cup,598,164,739,317
data\cup\cup-N_101.jpg,1280,720,cup,592,160,765,357
data\cup\cup-N_102.jpg,1280,720,cup,607,180,783,380
data\cup\cup-N_103.jpg,1280,720,cup,607,291,794,482
data\cup\cup-N_104.jpg,1280,720,cup,629,351,779,517
data\cup\cup-N_105.jpg,1280,720,cup,525,357,654,547
data\cup\cup-N_106.jpg,1280,720,cup,369,309,527,497
data\cup\cup-N_107.jpg,1280,720,cup,203,257,385,455
data\cup\cup-N_108.jpg,1280,720,cup,218,271,385,447
data\cup\cup-N_109.jpg,1280,720,cup,259,315,385,429
data\cup\cup-N_110.jpg,1280,720,cup,290,251,421,398
data\cup\cup-N_111.jpg,1280,720,cup,285,257,418,418
data\cup\cup-N_112.jpg,1280,720,cup,330,238,470,402
data\cup\cup-N_113.jpg,1280,720,cup,365,237,498,397
data\cup\cup-N_114.jpg,1280,720,cup,392,231,534,400
data\cup\cup-N_115.jpg,1280,720,cup,410,233,576,411
data\cup\cup-N_116.jpg,1280,720,cup,456,229,636,402
data\cup\cup-N_117.jpg,1280,720,cup,521,218,687,415
data\cup\cup-N_118.jpg,1280,720,cup,625,258,796,440
data\cup\cup-N_119.jpg,1280,720,cup,776,287,954,451
data\cup\cup-N_120.jpg,1280,720,cup,930,286,1129,447
data\cup\cup-N_121.jpg,1280,720,cup,1045,293,1234,460
data\cup\cup-N_122.jpg,1280,720,cup,1027,311,1219,482
data\cup\cup-N_123.jpg,1280,720,cup,894,329,1096,506
data\cup\cup-N_124.jpg,1280,720,cup,732,331,912,513
data\cup\cup-N_125.jpg,1280,720,cup,549,318,703,482
data\cup\cup-N_126.jpg,1280,720,cup,410,295,550,460
data\cup\cup-N_127.jpg,1280,720,cup,301,275,461,418
data\cup\cup-N_128.jpg,1280,720,cup,292,211,438,395
data\cup\cup-N_129.jpg,1280,720,cup,338,187,478,366
data\cup\cup-N_130.jpg,1280,720,cup,454,242,578,411
data\cup\cup-N_131.jpg,1280,720,cup,618,311,732,469
data\cup\cup-N_132.jpg,1280,720,cup,759,346,907,509
data\cup\cup-N_133.jpg,1280,720,cup,925,358,1063,542
data\cup\cup-N_134.jpg,1280,720,cup,1039,340,1198,527
data\cup\cup-N_135.jpg,1280,720,cup,1067,307,1232,473
data\cup\cup-N_136.jpg,1280,720,cup,959,284,1158,444
data\cup\cup-N_137.jpg,1280,720,cup,834,258,1034,426
data\cup\cup-N_138.jpg,1280,720,cup,718,233,907,424
data\cup\cup-N_139.jpg,1280,720,cup,621,240,772,433
data\cup\cup-N_140.jpg,1280,720,cup,490,277,645,426
data\cup\cup-N_141.jpg,1280,720,cup,394,258,547,391
data\cup\cup-N_142.jpg,1280,720,cup,330,244,490,435
data\cup\cup-N_143.jpg,1280,720,cup,307,240,474,437
data\cup\cup-N_144.jpg,1280,720,cup,307,249,492,460
data\cup\cup-N_145.jpg,1280,720,cup,363,273,536,469
data\cup\cup-N_146.jpg,1280,720,cup,485,309,630,486
data\cup\cup-N_147.jpg,1280,720,cup,661,346,823,522
data\cup\cup-N_148.jpg,1280,720,cup,829,344,1023,529
data\cup\cup-N_149.jpg,1280,720,cup,943,295,1150,482
data\cup\cup-N_150.jpg,1280,720,cup,1003,233,1210,407
data\cup\cup-N_151.jpg,1280,720,cup,965,182,1170,355
data\cup\cup-N_152.jpg,1280,720,cup,905,173,1085,333
data\cup\cup-N_153.jpg,1280,720,cup,823,253,998,420
data\cup\cup-N_154.jpg,1280,720,cup,723,360,898,526
data\cup\cup-N_155.jpg,1280,720,cup,563,393,738,553
data\cup\cup-N_156.jpg,1280,720,cup,390,351,570,517
data\cup\cup-N_157.jpg,1280,720,cup,281,262,456,417
data\cup\cup-N_158.jpg,1280,720,cup,294,135,521,298
data\cup\cup-N_159.jpg,1280,720,cup,378,109,587,275
data\cup\cup-N_160.jpg,1280,720,cup,465,173,632,331
data\cup\cup-N_161.jpg,1280,720,cup,618,235,790,400
data\cup\cup-N_162.jpg,1280,720,cup,810,293,992,460
data\cup\cup-N_163.jpg,1280,720,cup,1019,327,1198,487
data\cup\cup-N_164.jpg,1280,720,cup,1110,333,1280,495
data\cup\cup-N_165.jpg,1280,720,cup,1081,346,1252,507
data\cup\cup-N_166.jpg,1280,720,cup,1009,375,1156,526
data\cup\cup-N_167.jpg,1280,720,cup,909,407,1043,546
data\cup\cup-N_168.jpg,1280,720,cup,841,407,965,533
data\cup\cup-N_169.jpg,1280,720,cup,785,400,909,511
data\cup\cup-N_170.jpg,1280,720,cup,714,407,830,522
data\cup\cup-N_171.jpg,1280,720,cup,598,397,734,524
data\cup\cup-N_172.jpg,1280,720,cup,470,337,618,486
data\cup\cup-N_173.jpg,1280,720,cup,329,253,521,411
data\cup\cup-N_174.jpg,1280,720,cup,212,151,445,331
data\cup\cup-N_175.jpg,1280,720,cup,156,100,398,298
data\cup\cup-N_176.jpg,1280,720,cup,185,149,401,340
data\cup\cup-N_177.jpg,1280,720,cup,285,260,459,417
data\cup\cup-N_178.jpg,1280,720,cup,418,331,563,466
data\cup\cup-N_179.jpg,1280,720,cup,547,373,676,493
data\cup\cup-N_180.jpg,1280,720,cup,674,382,789,502
data\cup\cup-N_181.jpg,1280,720,cup,767,389,887,506
data\cup\cup-N_182.jpg,1280,720,cup,832,395,956,515
data\cup\cup-N_183.jpg,1280,720,cup,865,380,998,513
data\cup\cup-N_184.jpg,1280,720,cup,849,340,1005,487
data\cup\cup-N_185.jpg,1280,720,cup,807,275,970,433
data\cup\cup-N_186.jpg,1280,720,cup,769,215,939,386
data\cup\cup-N_187.jpg,1280,720,cup,727,233,910,415
data\cup\cup-N_188.jpg,1280,720,cup,667,291,839,458
data\cup\cup-N_189.jpg,1280,720,cup,596,378,741,522
data\cup\cup-N_190.jpg,1280,720,cup,541,395,669,526
data\cup\cup-N_191.jpg,1280,720,cup,525,386,645,513
data\cup\cup-N_192.jpg,1280,720,cup,563,382,718,511
data\cup\cup-N_193.jpg,1280,720,cup,574,369,727,515
data\cup\cup-N_194.jpg,1280,720,cup,539,331,723,500
data\cup\cup-N_195.jpg,1280,720,cup,481,257,710,462
data\cup\cup-N_196.jpg,1280,720,cup,412,187,672,420
data\cup\cup-N_197.jpg,1280,720,cup,358,127,619,393
data\cup\cup-N_198.jpg,1280,720,cup,379,135,607,402
data\cup\cup-N_199.jpg,1280,720,cup,469,258,699,449
data\cup\cup-N_200.jpg,1280,720,cup,554,326,739,498
data\cup\cup-N_201.jpg,1280,720,cup,603,347,756,509
data\cup\cup-N_202.jpg,1280,720,cup,641,331,767,460
data\cup\cup-N_203.jpg,1280,720,cup,674,317,789,451
data\cup\cup-N_204.jpg,1280,720,cup,729,295,839,429
data\cup\cup-N_205.jpg,1280,720,cup,752,264,894,417
data\cup\cup-N_206.jpg,1280,720,cup,767,217,923,389
data\cup\cup-N_207.jpg,1280,720,cup,747,226,923,400
data\cup\cup-N_208.jpg,1280,720,cup,683,260,869,437
data\cup\cup-N_209.jpg,1280,720,cup,650,351,799,544
data\cup\cup-N_210.jpg,1280,720,cup,630,435,770,655
data\cup\cup-N_211.jpg,1280,720,cup,581,433,729,642
data\cup\cup-N_212.jpg,1280,720,cup,538,389,674,557
data\cup\cup-N_213.jpg,1280,720,cup,498,224,641,433
data\cup\cup-N_214.jpg,1280,720,cup,479,129,614,317
data\cup\cup-N_215.jpg,1280,720,cup,490,66,619,240
data\cup\cup-N_216.jpg,1280,720,cup,503,87,641,300
data\cup\cup-N_217.jpg,1280,720,cup,563,249,685,447
data\cup\cup-N_218.jpg,1280,720,cup,629,426,761,591
data\cup\cup-N_219.jpg,1280,720,cup,627,457,727,622
data\cup\cup-N_220.jpg,1280,720,cup,545,431,736,620
data\cup\cup-N_221.jpg,1280,720,cup,449,402,625,566
data\cup\cup-N_222.jpg,1280,720,cup,369,275,518,471
data\cup\cup-N_223.jpg,1280,720,cup,356,178,507,377
data\cup\cup-N_224.jpg,1280,720,cup,425,127,559,291
data\cup\cup-N_225.jpg,1280,720,cup,563,127,696,295
data\cup\cup-N_226.jpg,1280,720,cup,732,218,874,386
data\cup\cup-N_227.jpg,1280,720,cup,869,284,998,447
data\cup\cup-N_228.jpg,1280,720,cup,929,327,1038,480
data\cup\cup-N_229.jpg,1280,720,cup,892,287,1003,477
data\cup\cup-N_23.jpg,1280,720,cup,309,440,492,653
data\cup\cup-N_230.jpg,1280,720,cup,809,351,905,498
data\cup\cup-N_231.jpg,1280,720,cup,685,360,894,507
data\cup\cup-N_232.jpg,1280,720,cup,610,378,745,515
data\cup\cup-N_233.jpg,1280,720,cup,409,366,599,480
data\cup\cup-N_234.jpg,1280,720,cup,350,302,534,420
data\cup\cup-N_235.jpg,1280,720,cup,336,184,538,331
data\cup\cup-N_236.jpg,1280,720,cup,381,115,516,269
data\cup\cup-N_237.jpg,1280,720,cup,443,107,589,264
data\cup\cup-N_238.jpg,1280,720,cup,521,138,678,300
data\cup\cup-N_239.jpg,1280,720,cup,583,149,734,347
data\cup\cup-N_24.jpg,1280,720,cup,425,193,601,413
data\cup\cup-N_240.jpg,1280,720,cup,645,171,812,380
data\cup\cup-N_241.jpg,1280,720,cup,674,206,869,406
data\cup\cup-N_242.jpg,1280,720,cup,616,282,829,447
data\cup\cup-N_243.jpg,1280,720,cup,498,342,687,498
data\cup\cup-N_244.jpg,1280,720,cup,358,358,559,535
data\cup\cup-N_245.jpg,1280,720,cup,299,375,498,546
data\cup\cup-N_246.jpg,1280,720,cup,303,387,494,544
data\cup\cup-N_247.jpg,1280,720,cup,376,407,550,555
data\cup\cup-N_248.jpg,1280,720,cup,541,391,699,547
data\cup\cup-N_249.jpg,1280,720,cup,743,331,901,480
data\cup\cup-N_25.jpg,1280,720,cup,525,73,698,291
data\cup\cup-N_250.jpg,1280,720,cup,869,262,1025,413
data\cup\cup-N_251.jpg,1280,720,cup,901,227,1052,397
data\cup\cup-N_252.jpg,1280,720,cup,925,258,1090,446
data\cup\cup-N_253.jpg,1280,720,cup,927,320,1101,497
data\cup\cup-N_254.jpg,1280,720,cup,909,364,1050,509
data\cup\cup-N_255.jpg,1280,720,cup,856,357,994,498
data\cup\cup-N_256.jpg,1280,720,cup,749,317,885,482
data\cup\cup-N_257.jpg,1280,720,cup,641,269,796,411
data\cup\cup-N_258.jpg,1280,720,cup,614,222,739,357
data\cup\cup-N_259.jpg,1280,720,cup,610,213,727,386
data\cup\cup-N_26.jpg,1280,720,cup,578,86,754,302
data\cup\cup-N_260.jpg,1280,720,cup,565,238,707,415
data\cup\cup-N_261.jpg,1280,720,cup,603,260,732,415
data\cup\cup-N_262.jpg,1280,720,cup,616,242,752,398
data\cup\cup-N_263.jpg,1280,720,cup,632,215,776,384
data\cup\cup-N_264.jpg,1280,720,cup,634,218,752,409
data\cup\cup-N_265.jpg,1280,720,cup,621,227,725,420
data\cup\cup-N_266.jpg,1280,720,cup,619,229,752,375
data\cup\cup-N_267.jpg,1280,720,cup,621,237,789,402
data\cup\cup-N_268.jpg,1280,720,cup,616,209,785,409
data\cup\cup-N_269.jpg,1280,720,cup,609,213,774,415
data\cup\cup-N_27.jpg,1280,720,cup,612,193,794,415
data\cup\cup-N_270.jpg,1280,720,cup,607,235,776,420
data\cup\cup-N_271.jpg,1280,720,cup,630,262,774,422
data\cup\cup-N_272.jpg,1280,720,cup,596,282,745,420
data\cup\cup-N_273.jpg,1280,720,cup,569,306,705,464
data\cup\cup-N_274.jpg,1280,720,cup,525,304,638,431
data\cup\cup-N_275.jpg,1280,720,cup,430,284,565,426
data\cup\cup-N_276.jpg,1280,720,cup,350,235,512,393
data\cup\cup-N_277.jpg,1280,720,cup,292,155,496,364
data\cup\cup-N_278.jpg,1280,720,cup,292,162,507,360
data\cup\cup-N_279.jpg,1280,720,cup,334,215,501,389
data\cup\cup-N_28.jpg,1280,720,cup,645,289,818,489
data\cup\cup-N_280.jpg,1280,720,cup,407,287,541,451
data\cup\cup-N_281.jpg,1280,720,cup,510,338,619,475
data\cup\cup-N_282.jpg,1280,720,cup,621,367,738,497
data\cup\cup-N_283.jpg,1280,720,cup,743,389,859,518
data\cup\cup-N_284.jpg,1280,720,cup,850,404,985,544
data\cup\cup-N_285.jpg,1280,720,cup,909,413,1067,558
data\cup\cup-N_286.jpg,1280,720,cup,939,413,1090,558
data\cup\cup-N_287.jpg,1280,720,cup,914,407,1063,553
data\cup\cup-N_288.jpg,1280,720,cup,839,391,974,537
data\cup\cup-N_289.jpg,1280,720,cup,745,380,867,524
data\cup\cup-N_29.jpg,1280,720,cup,676,309,863,486
data\cup\cup-N_290.jpg,1280,720,cup,629,351,743,507
data\cup\cup-N_291.jpg,1280,720,cup,516,300,681,471
data\cup\cup-N_292.jpg,1280,720,cup,419,224,616,420
data\cup\cup-N_293.jpg,1280,720,cup,343,155,598,386
data\cup\cup-N_294.jpg,1280,720,cup,343,166,585,393
data\cup\cup-N_295.jpg,1280,720,cup,407,244,610,429
data\cup\cup-N_296.jpg,1280,720,cup,521,320,689,480
data\cup\cup-N_297.jpg,1280,720,cup,656,366,781,513
data\cup\cup-N_298.jpg,1280,720,cup,783,380,914,515
data\cup\cup-N_299.jpg,1280,720,cup,876,377,1039,529
data\cup\cup-N_30.jpg,1280,720,cup,689,287,870,464
data\cup\cup-N_300.jpg,1280,720,cup,956,362,1163,524
data\cup\cup-N_301.jpg,1280,720,cup,985,342,1198,517
data\cup\cup-N_302.jpg,1280,720,cup,943,357,1149,526
data\cup\cup-N_303.jpg,1280,720,cup,854,371,1029,537
data\cup\cup-N_304.jpg,1280,720,cup,759,377,878,524
data\cup\cup-N_305.jpg,1280,720,cup,630,346,741,477
data\cup\cup-N_306.jpg,1280,720,cup,518,344,630,471
data\cup\cup-N_307.jpg,1280,720,cup,405,353,547,486
data\cup\cup-N_308.jpg,1280,720,cup,303,333,452,486
data\cup\cup-N_309.jpg,1280,720,cup,250,289,409,442
data\cup\cup-N_31.jpg,1280,720,cup,694,227,878,415
data\cup\cup-N_310.jpg,1280,720,cup,256,193,407,353
data\cup\cup-N_311.jpg,1280,720,cup,310,84,467,226
data\cup\cup-N_312.jpg,1280,720,cup,372,13,519,155
data\cup\cup-N_313.jpg,1280,720,cup,429,58,570,186
data\cup\cup-N_314.jpg,1280,720,cup,489,195,612,324
data\cup\cup-N_315.jpg,1280,720,cup,590,338,714,478
data\cup\cup-N_316.jpg,1280,720,cup,714,400,847,538
data\cup\cup-N_317.jpg,1280,720,cup,787,353,914,489
data\cup\cup-N_318.jpg,1280,720,cup,807,257,927,389
data\cup\cup-N_319.jpg,1280,720,cup,807,169,952,302
data\cup\cup-N_32.jpg,1280,720,cup,690,184,899,366
data\cup\cup-N_320.jpg,1280,720,cup,792,118,921,251
data\cup\cup-N_321.jpg,1280,720,cup,734,97,872,227
data\cup\cup-N_322.jpg,1280,720,cup,679,109,818,244
data\cup\cup-N_323.jpg,1280,720,cup,630,153,758,291
data\cup\cup-N_324.jpg,1280,720,cup,529,175,698,340
data\cup\cup-N_325.jpg,1280,720,cup,439,164,647,375
data\cup\cup-N_326.jpg,1280,720,cup,398,153,616,380
data\cup\cup-N_327.jpg,1280,720,cup,398,147,627,377
data\cup\cup-N_328.jpg,1280,720,cup,429,155,650,384
data\cup\cup-N_329.jpg,1280,720,cup,474,222,692,426
data\cup\cup-N_33.jpg,1280,720,cup,685,189,874,387
data\cup\cup-N_330.jpg,1280,720,cup,545,269,710,435
data\cup\cup-N_331.jpg,1280,720,cup,538,227,729,400
data\cup\cup-N_332.jpg,1280,720,cup,538,233,719,395
data\cup\cup-N_333.jpg,1280,720,cup,581,235,727,402
data\cup\cup-N_334.jpg,1280,720,cup,621,231,756,400
data\cup\cup-N_335.jpg,1280,720,cup,703,229,829,395
data\cup\cup-N_336.jpg,1280,720,cup,754,217,892,389
data\cup\cup-N_337.jpg,1280,720,cup,799,251,936,427
data\cup\cup-N_338.jpg,1280,720,cup,841,342,963,471
data\cup\cup-N_339.jpg,1280,720,cup,845,364,939,493
data\cup\cup-N_34.jpg,1280,720,cup,687,207,870,395
data\cup\cup-N_340.jpg,1280,720,cup,769,380,839,502
data\cup\cup-N_341.jpg,1280,720,cup,643,380,738,515
data\cup\cup-N_342.jpg,1280,720,cup,485,373,610,498
data\cup\cup-N_343.jpg,1280,720,cup,327,317,507,460
data\cup\cup-N_344.jpg,1280,720,cup,234,237,461,407
data\cup\cup-N_345.jpg,1280,720,cup,281,151,459,340
data\cup\cup-N_346.jpg,1280,720,cup,365,138,505,302
data\cup\cup-N_347.jpg,1280,720,cup,461,244,572,378
data\cup\cup-N_348.jpg,1280,720,cup,590,289,683,429
data\cup\cup-N_349.jpg,1280,720,cup,689,320,805,469
data\cup\cup-N_35.jpg,1280,720,cup,692,215,889,426
data\cup\cup-N_350.jpg,1280,720,cup,774,342,918,489
data\cup\cup-N_351.jpg,1280,720,cup,867,351,1007,495
data\cup\cup-N_352.jpg,1280,720,cup,945,344,1090,487
data\cup\cup-N_353.jpg,1280,720,cup,936,320,1116,458
data\cup\cup-N_354.jpg,1280,720,cup,883,304,1061,437
data\cup\cup-N_355.jpg,1280,720,cup,816,295,967,433
data\cup\cup-N_356.jpg,1280,720,cup,721,300,878,449
data\cup\cup-N_357.jpg,1280,720,cup,618,309,794,480
data\cup\cup-N_358.jpg,1280,720,cup,503,327,690,515
data\cup\cup-N_359.jpg,1280,720,cup,396,360,583,537
data\cup\cup-N_36.jpg,1280,720,cup,641,218,861,418
data\cup\cup-N_37.jpg,1280,720,cup,669,227,874,407
data\cup\cup-N_38.jpg,1280,720,cup,669,215,890,375
data\cup\cup-N_39.jpg,1280,720,cup,709,197,901,375
data\cup\cup-N_40.jpg,1280,720,cup,719,189,903,357
data\cup\cup-N_41.jpg,1280,720,cup,716,187,894,358
data\cup\cup-N_42.jpg,1280,720,cup,710,180,892,353
data\cup\cup-N_43.jpg,1280,720,cup,719,164,907,369
data\cup\cup-N_44.jpg,1280,720,cup,721,155,901,371
data\cup\cup-N_45.jpg,1280,720,cup,719,173,912,351
data\cup\cup-N_46.jpg,1280,720,cup,698,198,879,358
data\cup\cup-N_47.jpg,1280,720,cup,685,186,874,347
data\cup\cup-N_48.jpg,1280,720,cup,687,207,903,415
data\cup\cup-N_49.jpg,1280,720,cup,719,253,919,473
data\cup\cup-N_50.jpg,1280,720,cup,703,264,874,473
data\cup\cup-N_51.jpg,1280,720,cup,667,271,863,480
data\cup\cup-N_52.jpg,1280,720,cup,649,298,865,500
data\cup\cup-N_53.jpg,1280,720,cup,645,327,858,515
data\cup\cup-N_54.jpg,1280,720,cup,607,313,799,489
data\cup\cup-N_55.jpg,1280,720,cup,592,284,719,458
data\cup\cup-N_56.jpg,1280,720,cup,530,220,719,422
data\cup\cup-N_57.jpg,1280,720,cup,534,211,743,426
data\cup\cup-N_58.jpg,1280,720,cup,563,222,772,426
data\cup\cup-N_59.jpg,1280,720,cup,601,237,769,420
data\cup\cup-N_60.jpg,1280,720,cup,614,251,805,420
data\cup\cup-N_61.jpg,1280,720,cup,579,264,814,447
data\cup\cup-N_62.jpg,1280,720,cup,619,286,801,460
data\cup\cup-N_63.jpg,1280,720,cup,629,282,836,455
data\cup\cup-N_64.jpg,1280,720,cup,645,264,838,438
data\cup\cup-N_65.jpg,1280,720,cup,665,262,849,440
data\cup\cup-N_66.jpg,1280,720,cup,661,251,859,442
data\cup\cup-N_67.jpg,1280,720,cup,667,255,823,411
data\cup\cup-N_68.jpg,1280,720,cup,623,207,832,437
data\cup\cup-N_69.jpg,1280,720,cup,599,226,818,442
data\cup\cup-N_70.jpg,1280,720,cup,612,238,818,458
data\cup\cup-N_71.jpg,1280,720,cup,663,209,841,418
data\cup\cup-N_72.jpg,1280,720,cup,669,182,843,382
data\cup\cup-N_73.jpg,1280,720,cup,672,229,849,406
data\cup\cup-N_74.jpg,1280,720,cup,698,235,869,447
data\cup\cup-N_75.jpg,1280,720,cup,703,253,872,455
data\cup\cup-N_76.jpg,1280,720,cup,689,249,859,440
data\cup\cup-N_77.jpg,1280,720,cup,681,255,863,462
data\cup\cup-N_78.jpg,1280,720,cup,661,271,843,438
data\cup\cup-N_79.jpg,1280,720,cup,652,240,854,433
data\cup\cup-N_80.jpg,1280,720,cup,643,237,823,426
data\cup\cup-N_81.jpg,1280,720,cup,623,226,807,398
data\cup\cup-N_82.jpg,1280,720,cup,630,231,801,389
data\cup\cup-N_83.jpg,1280,720,cup,639,235,819,380
data\cup\cup-N_84.jpg,1280,720,cup,590,266,776,422
data\cup\cup-N_85.jpg,1280,720,cup,601,297,761,480
data\cup\cup-N_86.jpg,1280,720,cup,625,317,789,475
data\cup\cup-N_87.jpg,1280,720,cup,710,253,810,417
data\cup\cup-N_88.jpg,1280,720,cup,710,247,879,411
data\cup\cup-N_89.jpg,1280,720,cup,681,269,872,424
data\cup\cup-N_90.jpg,1280,720,cup,681,266,876,417
data\cup\cup-N_91.jpg,1280,720,cup,687,249,889,437
data\cup\cup-N_92.jpg,1280,720,cup,703,273,870,467
data\cup\cup-N_93.jpg,1280,720,cup,707,295,870,475
data\cup\cup-N_94.jpg,1280,720,cup,679,251,863,453
data\cup\cup-N_95.jpg,1280,720,cup,647,235,847,433
data\cup\cup-N_96.jpg,1280,720,cup,619,220,814,407
data\cup\cup-N_97.jpg,1280,720,cup,634,189,792,384
data\cup\cup-N_98.jpg,1280,720,cup,619,177,772,369
data\cup\cup-N_99.jpg,1280,720,cup,609,167,759,346
data\salad\file_salad-N_100.jpg,1280,720,salad,498,217,703,384
data\salad\file_salad-N_101.jpg,1280,720,salad,445,217,634,324
data\salad\file_salad-N_102.jpg,1280,720,salad,492,217,652,307
data\salad\file_salad-N_103.jpg,1280,720,salad,518,237,741,418
data\salad\file_salad-N_104.jpg,1280,720,salad,529,313,809,515
data\salad\file_salad-N_105.jpg,1280,720,salad,474,340,792,540
data\salad\file_salad-N_106.jpg,1280,720,salad,487,315,761,491
data\salad\file_salad-N_107.jpg,1280,720,salad,481,307,732,500
data\salad\file_salad-N_108.jpg,1280,720,salad,474,304,730,484
data\salad\file_salad-N_109.jpg,1280,720,salad,492,253,678,437
data\salad\file_salad-N_110.jpg,1280,720,salad,507,211,672,335
data\salad\file_salad-N_115.jpg,1280,720,salad,549,217,821,455
data\salad\file_salad-N_116.jpg,1280,720,salad,483,337,838,653
data\salad\file_salad-N_117.jpg,1280,720,salad,354,407,825,720
data\salad\file_salad-N_118.jpg,1280,720,salad,259,511,777,720
data\salad\file_salad-N_119.jpg,1280,720,salad,236,557,750,720
data\salad\file_salad-N_120.jpg,1280,720,salad,245,535,743,717
data\salad\file_salad-N_121.jpg,1280,720,salad,261,507,719,720
data\salad\file_salad-N_122.jpg,1280,720,salad,338,444,726,720
data\salad\file_salad-N_123.jpg,1280,720,salad,389,355,719,607
data\salad\file_salad-N_124.jpg,1280,720,salad,445,277,725,515
data\salad\file_salad-N_125.jpg,1280,720,salad,452,251,698,437
data\salad\file_salad-N_126.jpg,1280,720,salad,483,213,663,389
data\salad\file_salad-N_127.jpg,1280,720,salad,467,215,592,253
data\salad\file_salad-N_130.jpg,1280,720,salad,490,302,710,398
data\salad\file_salad-N_131.jpg,1280,720,salad,461,375,730,555
data\salad\file_salad-N_132.jpg,1280,720,salad,423,464,627,633
data\salad\file_salad-N_133.jpg,1280,720,salad,347,495,614,653
data\salad\file_salad-N_134.jpg,1280,720,salad,359,597,763,720
data\salad\file_salad-N_136.jpg,1280,720,salad,427,464,759,644
data\salad\file_salad-N_137.jpg,1280,720,salad,492,315,716,493
data\salad\file_salad-N_138.jpg,1280,720,salad,539,213,781,393
data\salad\file_salad-N_14.jpg,1280,720,salad,445,226,821,509
data\salad\file_salad-N_143.jpg,1280,720,salad,474,211,727,380
data\salad\file_salad-N_144.jpg,1280,720,salad,465,297,758,518
data\salad\file_salad-N_145.jpg,1280,720,salad,450,397,785,535
data\salad\file_salad-N_146.jpg,1280,720,salad,430,415,838,702
data\salad\file_salad-N_147.jpg,1280,720,salad,423,466,870,720
data\salad\file_salad-N_148.jpg,1280,720,salad,498,431,1015,720
data\salad\file_salad-N_149.jpg,1280,720,salad,523,335,998,720
data\salad\file_salad-N_15.jpg,1280,720,salad,363,598,684,720
data\salad\file_salad-N_150.jpg,1280,720,salad,492,307,938,695
data\salad\file_salad-N_151.jpg,1280,720,salad,487,311,825,644
data\salad\file_salad-N_152.jpg,1280,720,salad,483,297,783,544
data\salad\file_salad-N_153.jpg,1280,720,salad,549,255,781,435
data\salad\file_salad-N_154.jpg,1280,720,salad,594,213,725,393
data\salad\file_salad-N_155.jpg,1280,720,salad,569,213,723,362
data\salad\file_salad-N_156.jpg,1280,720,salad,503,215,639,337
data\salad\file_salad-N_157.jpg,1280,720,salad,409,218,627,318
data\salad\file_salad-N_158.jpg,1280,720,salad,419,222,670,442
data\salad\file_salad-N_159.jpg,1280,720,salad,403,231,714,553
data\salad\file_salad-N_160.jpg,1280,720,salad,443,295,761,609
data\salad\file_salad-N_161.jpg,1280,720,salad,450,331,818,667
data\salad\file_salad-N_162.jpg,1280,720,salad,569,298,987,653
data\salad\file_salad-N_163.jpg,1280,720,salad,494,400,939,631
data\salad\file_salad-N_164.jpg,1280,720,salad,387,367,774,560
data\salad\file_salad-N_165.jpg,1280,720,salad,463,269,714,487
data\salad\file_salad-N_166.jpg,1280,720,salad,467,218,725,404
data\salad\file_salad-N_167.jpg,1280,720,salad,529,215,709,342
data\salad\file_salad-N_168.jpg,1280,720,salad,521,229,701,387
data\salad\file_salad-N_169.jpg,1280,720,salad,392,295,630,502
data\salad\file_salad-N_170.jpg,1280,720,salad,343,355,607,604
data\salad\file_salad-N_171.jpg,1280,720,salad,325,433,631,720
data\salad\file_salad-N_172.jpg,1280,720,salad,361,560,634,720
data\salad\file_salad-N_176.jpg,1280,720,salad,301,467,624,720
data\salad\file_salad-N_177.jpg,1280,720,salad,445,417,801,720
data\salad\file_salad-N_178.jpg,1280,720,salad,561,413,868,720
data\salad\file_salad-N_179.jpg,1280,720,salad,572,391,874,626
data\salad\file_salad-N_180.jpg,1280,720,salad,530,366,772,575
data\salad\file_salad-N_181.jpg,1280,720,salad,514,387,699,542
data\salad\file_salad-N_182.jpg,1280,720,salad,474,317,661,486
data\salad\file_salad-N_183.jpg,1280,720,salad,436,337,590,469
data\salad\file_salad-N_184.jpg,1280,720,salad,481,418,669,506
data\salad\file_salad-N_185.jpg,1280,720,salad,519,406,678,527
data\salad\file_salad-N_186.jpg,1280,720,salad,478,406,696,542
data\salad\file_salad-N_187.jpg,1280,720,salad,483,471,676,584
data\salad\file_salad-N_188.jpg,1280,720,salad,479,533,699,662
data\salad\file_salad-N_189.jpg,1280,720,salad,296,555,722,720
data\salad\file_salad-N_19.jpg,1280,720,salad,205,367,619,618
data\salad\file_salad-N_190.jpg,1280,720,salad,307,477,792,689
data\salad\file_salad-N_191.jpg,1280,720,salad,374,406,776,638
data\salad\file_salad-N_192.jpg,1280,720,salad,432,349,750,586
data\salad\file_salad-N_193.jpg,1280,720,salad,456,329,743,531
data\salad\file_salad-N_194.jpg,1280,720,salad,454,313,743,557
data\salad\file_salad-N_195.jpg,1280,720,salad,463,320,727,542
data\salad\file_salad-N_196.jpg,1280,720,salad,458,387,705,557
data\salad\file_salad-N_197.jpg,1280,720,salad,461,475,689,606
data\salad\file_salad-N_198.jpg,1280,720,salad,430,475,670,666
data\salad\file_salad-N_199.jpg,1280,720,salad,339,433,590,695
data\salad\file_salad-N_200.jpg,1280,720,salad,221,427,474,691
data\salad\file_salad-N_201.jpg,1280,720,salad,170,435,441,711
data\salad\file_salad-N_202.jpg,1280,720,salad,281,444,514,706
data\salad\file_salad-N_203.jpg,1280,720,salad,432,437,616,642
data\salad\file_salad-N_204.jpg,1280,720,salad,545,384,718,522
data\salad\file_salad-N_205.jpg,1280,720,salad,583,215,794,280
data\salad\file_salad-N_210.jpg,1280,720,salad,601,235,799,446
data\salad\file_salad-N_211.jpg,1280,720,salad,558,411,785,606
data\salad\file_salad-N_212.jpg,1280,720,salad,494,415,798,706
data\salad\file_salad-N_213.jpg,1280,720,salad,507,206,819,471
data\salad\file_salad-N_222.jpg,1280,720,salad,630,202,863,293
data\salad\file_salad-N_223.jpg,1280,720,salad,501,300,816,689
data\salad\file_salad-N_228.jpg,1280,720,salad,398,342,745,707
data\salad\file_salad-N_229.jpg,1280,720,salad,385,202,730,355
data\salad\file_salad-N_23.jpg,1280,720,salad,447,206,783,498
data\salad\file_salad-N_235.jpg,1280,720,salad,527,202,825,555
data\salad\file_salad-N_236.jpg,1280,720,salad,536,480,821,720
data\salad\file_salad-N_239.jpg,1280,720,salad,525,415,821,720
data\salad\file_salad-N_24.jpg,1280,720,salad,467,469,768,720
data\salad\file_salad-N_240.jpg,1280,720,salad,452,198,794,333
data\salad\file_salad-N_246.jpg,1280,720,salad,398,206,776,446
data\salad\file_salad-N_247.jpg,1280,720,salad,434,462,746,720
data\salad\file_salad-N_248.jpg,1280,720,salad,425,597,724,720
data\salad\file_salad-N_249.jpg,1280,720,salad,465,635,728,720
data\salad\file_salad-N_250.jpg,1280,720,salad,456,615,726,720
data\salad\file_salad-N_251.jpg,1280,720,salad,436,482,749,717
data\salad\file_salad-N_252.jpg,1280,720,salad,414,233,719,509
data\salad\file_salad-N_26.jpg,1280,720,salad,421,671,642,720
data\salad\file_salad-N_262.jpg,1280,720,salad,430,293,749,593
data\salad\file_salad-N_263.jpg,1280,720,salad,416,433,701,691
data\salad\file_salad-N_264.jpg,1280,720,salad,405,458,748,720
data\salad\file_salad-N_265.jpg,1280,720,salad,399,460,739,720
data\salad\file_salad-N_266.jpg,1280,720,salad,403,326,679,609
data\salad\file_salad-N_267.jpg,1280,720,salad,409,206,647,380
data\salad\file_salad-N_27.jpg,1280,720,salad,350,600,651,720
data\salad\file_salad-N_271.jpg,1280,720,salad,556,213,778,386
data\salad\file_salad-N_272.jpg,1280,720,salad,532,271,763,555
data\salad\file_salad-N_273.jpg,1280,720,salad,516,417,703,653
data\salad\file_salad-N_274.jpg,1280,720,salad,501,526,693,720
data\salad\file_salad-N_275.jpg,1280,720,salad,501,509,718,720
data\salad\file_salad-N_276.jpg,1280,720,salad,519,380,743,617
data\salad\file_salad-N_277.jpg,1280,720,salad,547,213,743,417
data\salad\file_salad-N_28.jpg,1280,720,salad,359,595,650,720
data\salad\file_salad-N_282.jpg,1280,720,salad,454,307,639,424
data\salad\file_salad-N_283.jpg,1280,720,salad,450,413,665,635
data\salad\file_salad-N_284.jpg,1280,720,salad,470,469,674,720
data\salad\file_salad-N_285.jpg,1280,720,salad,470,467,681,720
data\salad\file_salad-N_286.jpg,1280,720,salad,441,377,701,651
data\salad\file_salad-N_287.jpg,1280,720,salad,425,217,638,418
data\salad\file_salad-N_29.jpg,1280,720,salad,385,567,695,720
data\salad\file_salad-N_292.jpg,1280,720,salad,481,226,734,447
data\salad\file_salad-N_293.jpg,1280,720,salad,479,351,747,611
data\salad\file_salad-N_294.jpg,1280,720,salad,481,440,752,720
data\salad\file_salad-N_295.jpg,1280,720,salad,512,518,745,720
data\salad\file_salad-N_296.jpg,1280,720,salad,527,489,789,720
data\salad\file_salad-N_297.jpg,1280,720,salad,534,369,829,678
data\salad\file_salad-N_298.jpg,1280,720,salad,501,242,803,560
data\salad\file_salad-N_299.jpg,1280,720,salad,434,213,656,338
data\salad\file_salad-N_30.jpg,1280,720,salad,330,233,772,538
data\salad\file_salad-N_303.jpg,1280,720,salad,559,273,749,422
data\salad\file_salad-N_304.jpg,1280,720,salad,514,433,681,537
data\salad\file_salad-N_305.jpg,1280,720,salad,430,484,679,598
data\salad\file_salad-N_306.jpg,1280,720,salad,403,289,705,520
data\salad\file_salad-N_307.jpg,1280,720,salad,421,211,681,335
data\salad\file_salad-N_31.jpg,1280,720,salad,541,202,701,297
data\salad\file_salad-N_313.jpg,1280,720,salad,494,271,689,477
data\salad\file_salad-N_314.jpg,1280,720,salad,469,489,667,584
data\salad\file_salad-N_315.jpg,1280,720,salad,479,591,672,720
data\salad\file_salad-N_316.jpg,1280,720,salad,507,587,718,677
data\salad\file_salad-N_317.jpg,1280,720,salad,603,495,741,598
data\salad\file_salad-N_318.jpg,1280,720,salad,554,349,759,502
data\salad\file_salad-N_319.jpg,1280,720,salad,569,231,763,355
data\salad\file_salad-N_322.jpg,1280,720,salad,525,213,761,302
data\salad\file_salad-N_323.jpg,1280,720,salad,516,215,792,402
data\salad\file_salad-N_324.jpg,1280,720,salad,470,322,752,515
data\salad\file_salad-N_325.jpg,1280,720,salad,439,475,690,602
data\salad\file_salad-N_326.jpg,1280,720,salad,454,538,632,651
data\salad\file_salad-N_327.jpg,1280,720,salad,465,538,619,626
data\salad\file_salad-N_328.jpg,1280,720,salad,463,487,669,578
data\salad\file_salad-N_329.jpg,1280,720,salad,525,302,723,460
data\salad\file_salad-N_33.jpg,1280,720,salad,510,206,901,424
data\salad\file_salad-N_330.jpg,1280,720,salad,619,202,818,351
data\salad\file_salad-N_331.jpg,1280,720,salad,638,209,870,300
data\salad\file_salad-N_332.jpg,1280,720,salad,541,209,819,346
data\salad\file_salad-N_333.jpg,1280,720,salad,490,215,730,451
data\salad\file_salad-N_334.jpg,1280,720,salad,496,373,681,575
data\salad\file_salad-N_335.jpg,1280,720,salad,518,489,732,678
data\salad\file_salad-N_336.jpg,1280,720,salad,530,544,745,720
data\salad\file_salad-N_337.jpg,1280,720,salad,521,540,798,671
data\salad\file_salad-N_338.jpg,1280,720,salad,467,211,796,515
data\salad\file_salad-N_34.jpg,1280,720,salad,514,264,934,684
data\salad\file_salad-N_348.jpg,1280,720,salad,472,198,821,402
data\salad\file_salad-N_349.jpg,1280,720,salad,514,335,799,655
data\salad\file_salad-N_35.jpg,1280,720,salad,476,589,818,720
data\salad\file_salad-N_350.jpg,1280,720,salad,534,406,756,609
data\salad\file_salad-N_351.jpg,1280,720,salad,534,509,734,615
data\salad\file_salad-N_352.jpg,1280,720,salad,543,567,736,677
data\salad\file_salad-N_353.jpg,1280,720,salad,554,602,759,720
data\salad\file_salad-N_354.jpg,1280,720,salad,581,453,783,633
data\salad\file_salad-N_355.jpg,1280,720,salad,538,209,758,404
data\salad\file_salad-N_358.jpg,1280,720,salad,518,215,719,340
data\salad\file_salad-N_359.jpg,1280,720,salad,530,337,734,500
data\salad\file_salad-N_39.jpg,1280,720,salad,321,304,761,555
data\salad\file_salad-N_40.jpg,1280,720,salad,396,204,812,342
data\salad\file_salad-N_42.jpg,1280,720,salad,498,206,912,411
data\salad\file_salad-N_43.jpg,1280,720,salad,496,417,919,715
data\salad\file_salad-N_49.jpg,1280,720,salad,370,602,621,720
data\salad\file_salad-N_50.jpg,1280,720,salad,367,440,690,720
data\salad\file_salad-N_51.jpg,1280,720,salad,485,217,747,466
data\salad\file_salad-N_52.jpg,1280,720,salad,585,211,687,280
data\salad\file_salad-N_55.jpg,1280,720,salad,389,213,645,357
data\salad\file_salad-N_56.jpg,1280,720,salad,403,320,674,580
data\salad\file_salad-N_57.jpg,1280,720,salad,405,578,682,720
data\salad\file_salad-N_58.jpg,1280,720,salad,421,660,706,720
data\salad\file_salad-N_59.jpg,1280,720,salad,439,509,721,646
data\salad\file_salad-N_60.jpg,1280,720,salad,467,209,685,373
data\salad\file_salad-N_64.jpg,1280,720,salad,539,215,776,322
data\salad\file_salad-N_65.jpg,1280,720,salad,518,338,767,582
data\salad\file_salad-N_66.jpg,1280,720,salad,461,544,762,720
data\salad\file_salad-N_67.jpg,1280,720,salad,423,617,723,720
data\salad\file_salad-N_70.jpg,1280,720,salad,410,457,672,613
data\salad\file_salad-N_71.jpg,1280,720,salad,465,215,649,391
data\salad\file_salad-N_75.jpg,1280,720,salad,541,211,738,327
data\salad\file_salad-N_76.jpg,1280,720,salad,510,298,741,518
data\salad\file_salad-N_77.jpg,1280,720,salad,483,495,708,720
data\salad\file_salad-N_78.jpg,1280,720,salad,410,618,641,720
data\salad\file_salad-N_81.jpg,1280,720,salad,154,629,501,720
data\salad\file_salad-N_82.jpg,1280,720,salad,269,471,574,720
data\salad\file_salad-N_83.jpg,1280,720,salad,416,393,729,717
data\salad\file_salad-N_84.jpg,1280,720,salad,445,397,743,715
data\salad\file_salad-N_85.jpg,1280,720,salad,461,442,709,644
data\salad\file_salad-N_86.jpg,1280,720,salad,449,402,730,657
data\salad\file_salad-N_87.jpg,1280,720,salad,443,389,714,635
data\salad\file_salad-N_88.jpg,1280,720,salad,470,333,667,495
data\salad\file_salad-N_89.jpg,1280,720,salad,498,295,667,402
data\salad\file_salad-N_90.jpg,1280,720,salad,567,226,747,442
data\salad\file_salad-N_91.jpg,1280,720,salad,643,262,889,551
data\salad\file_salad-N_92.jpg,1280,720,salad,649,342,974,666
data\salad\file_salad-N_93.jpg,1280,720,salad,596,402,1050,715
data\salad\file_salad-N_94.jpg,1280,720,salad,489,460,1049,720
data\salad\file_salad-N_95.jpg,1280,720,salad,519,515,1049,720
data\salad\file_salad-N_96.jpg,1280,720,salad,574,542,999,678
data\salad\file_salad-N_97.jpg,1280,720,salad,596,422,945,626
data\salad\file_salad-N_98.jpg,1280,720,salad,594,360,870,511
data\salad\file_salad-N_99.jpg,1280,720,salad,601,304,785,438
data\salad\file_test-salad-N_101.jpg,1280,720,salad,419,311,750,666
data\salad\file_test-salad-N_105.jpg,1280,720,salad,425,258,738,440
data\salad\file_test-salad-N_111.jpg,1280,720,salad,436,357,763,627
data\salad\file_test-salad-N_112.jpg,1280,720,salad,421,389,709,704
data\salad\file_test-salad-N_113.jpg,1280,720,salad,505,393,678,720
data\salad\file_test-salad-N_114.jpg,1280,720,salad,376,527,654,720
data\salad\file_test-salad-N_115.jpg,1280,720,salad,369,575,707,720
data\salad\file_test-salad-N_116.jpg,1280,720,salad,338,509,727,717
data\salad\file_test-salad-N_117.jpg,1280,720,salad,372,440,749,693
data\salad\file_test-salad-N_118.jpg,1280,720,salad,399,458,776,671
data\salad\file_test-salad-N_119.jpg,1280,720,salad,347,309,770,720
data\salad\file_test-salad-N_120.jpg,1280,720,salad,278,353,699,720
data\salad\file_test-salad-N_121.jpg,1280,720,salad,336,417,669,658
data\salad\file_test-salad-N_122.jpg,1280,720,salad,398,397,712,718
data\salad\file_test-salad-N_123.jpg,1280,720,salad,378,342,744,720
data\salad\file_test-salad-N_124.jpg,1280,720,salad,399,371,780,720
data\salad\file_test-salad-N_125.jpg,1280,720,salad,436,400,794,720
data\salad\file_test-salad-N_126.jpg,1280,720,salad,410,506,807,717
data\salad\file_test-salad-N_127.jpg,1280,720,salad,399,500,794,675
data\salad\file_test-salad-N_128.jpg,1280,720,salad,423,349,819,720
data\salad\file_test-salad-N_129.jpg,1280,720,salad,441,338,864,720
data\salad\file_test-salad-N_130.jpg,1280,720,salad,510,375,852,657
data\salad\file_test-salad-N_131.jpg,1280,720,salad,458,427,765,638
data\salad\file_test-salad-N_132.jpg,1280,720,salad,456,444,765,647
data\salad\file_test-salad-N_133.jpg,1280,720,salad,452,478,787,640
data\salad\file_test-salad-N_134.jpg,1280,720,salad,427,442,781,684
data\salad\file_test-salad-N_135.jpg,1280,720,salad,398,377,776,673
data\salad\file_test-salad-N_136.jpg,1280,720,salad,434,324,783,637
data\salad\file_test-salad-N_137.jpg,1280,720,salad,470,338,781,622
data\salad\file_test-salad-N_138.jpg,1280,720,salad,494,377,701,544
data\salad\file_test-salad-N_139.jpg,1280,720,salad,439,315,703,469
data\salad\file_test-salad-N_140.jpg,1280,720,salad,536,291,705,546
data\salad\file_test-salad-N_141.jpg,1280,720,salad,547,304,736,557
data\salad\file_test-salad-N_142.jpg,1280,720,salad,569,289,769,531
data\salad\file_test-salad-N_143.jpg,1280,720,salad,572,280,699,478
data\salad\file_test-salad-N_144.jpg,1280,720,salad,529,247,734,500
data\salad\file_test-salad-N_145.jpg,1280,720,salad,496,269,739,533
data\salad\file_test-salad-N_146.jpg,1280,720,salad,492,289,730,580
data\salad\file_test-salad-N_147.jpg,1280,720,salad,505,322,719,593
data\salad\file_test-salad-N_148.jpg,1280,720,salad,529,335,750,584
data\salad\file_test-salad-N_149.jpg,1280,720,salad,503,355,776,577
data\salad\file_test-salad-N_150.jpg,1280,720,salad,514,380,772,562
data\salad\file_test-salad-N_151.jpg,1280,720,salad,532,335,732,507
data\salad\file_test-salad-N_152.jpg,1280,720,salad,541,297,743,549
data\salad\file_test-salad-N_153.jpg,1280,720,salad,552,300,769,569
data\salad\file_test-salad-N_154.jpg,1280,720,salad,536,342,754,598
data\salad\file_test-salad-N_155.jpg,1280,720,salad,534,344,761,604
data\salad\file_test-salad-N_156.jpg,1280,720,salad,530,404,769,520
data\salad\file_test-salad-N_157.jpg,1280,720,salad,525,335,738,586
data\salad\file_test-salad-N_158.jpg,1280,720,salad,523,322,741,607
data\salad\file_test-salad-N_159.jpg,1280,720,salad,512,346,752,660
data\salad\file_test-salad-N_160.jpg,1280,720,salad,494,386,759,700
data\salad\file_test-salad-N_161.jpg,1280,720,salad,476,449,778,638
data\salad\file_test-salad-N_162.jpg,1280,720,salad,465,446,774,657
data\salad\file_test-salad-N_163.jpg,1280,720,salad,432,373,754,653
data\salad\file_test-salad-N_164.jpg,1280,720,salad,505,360,803,618
data\salad\file_test-salad-N_165.jpg,1280,720,salad,532,382,856,631
data\salad\file_test-salad-N_166.jpg,1280,720,salad,534,340,807,711
data\salad\file_test-salad-N_167.jpg,1280,720,salad,450,349,836,720
data\salad\file_test-salad-N_168.jpg,1280,720,salad,465,353,790,675
data\salad\file_test-salad-N_169.jpg,1280,720,salad,469,393,789,587
data\salad\file_test-salad-N_170.jpg,1280,720,salad,472,393,792,586
data\salad\file_test-salad-N_171.jpg,1280,720,salad,459,391,765,551
data\salad\file_test-salad-N_172.jpg,1280,720,salad,529,451,663,542
data\salad\file_test-salad-N_173.jpg,1280,720,salad,441,357,679,537
data\salad\file_test-salad-N_174.jpg,1280,720,salad,469,255,747,507
data\salad\file_test-salad-N_175.jpg,1280,720,salad,472,280,727,506
data\salad\file_test-salad-N_176.jpg,1280,720,salad,490,313,747,513
data\salad\file_test-salad-N_177.jpg,1280,720,salad,487,342,767,522
data\salad\file_test-salad-N_178.jpg,1280,720,salad,523,320,770,540
data\salad\file_test-salad-N_179.jpg,1280,720,salad,510,309,801,575
data\salad\file_test-salad-N_18.jpg,1280,720,salad,303,264,719,631
data\salad\file_test-salad-N_180.jpg,1280,720,salad,530,384,796,587
data\salad\file_test-salad-N_181.jpg,1280,720,salad,516,329,810,667
data\salad\file_test-salad-N_182.jpg,1280,720,salad,463,338,814,715
data\salad\file_test-salad-N_183.jpg,1280,720,salad,463,358,792,637
data\salad\file_test-salad-N_184.jpg,1280,720,salad,454,351,779,611
data\salad\file_test-salad-N_185.jpg,1280,720,salad,498,347,754,615
data\salad\file_test-salad-N_186.jpg,1280,720,salad,490,369,781,697
data\salad\file_test-salad-N_187.jpg,1280,720,salad,450,327,784,720
data\salad\file_test-salad-N_188.jpg,1280,720,salad,430,338,774,720
data\salad\file_test-salad-N_189.jpg,1280,720,salad,474,358,759,626
data\salad\file_test-salad-N_19.jpg,1280,720,salad,314,593,569,720
data\salad\file_test-salad-N_190.jpg,1280,720,salad,499,322,763,560
data\salad\file_test-salad-N_191.jpg,1280,720,salad,536,289,739,553
data\salad\file_test-salad-N_192.jpg,1280,720,salad,558,287,749,526
data\salad\file_test-salad-N_193.jpg,1280,720,salad,574,297,743,477
data\salad\file_test-salad-N_194.jpg,1280,720,salad,547,262,839,531
data\salad\file_test-salad-N_195.jpg,1280,720,salad,519,275,818,560
data\salad\file_test-salad-N_196.jpg,1280,720,salad,490,275,796,531
data\salad\file_test-salad-N_197.jpg,1280,720,salad,525,286,781,493
data\salad\file_test-salad-N_198.jpg,1280,720,salad,496,247,799,555
data\salad\file_test-salad-N_199.jpg,1280,720,salad,478,227,823,589
data\salad\file_test-salad-N_200.jpg,1280,720,salad,494,251,827,584
data\salad\file_test-salad-N_201.jpg,1280,720,salad,512,366,785,631
data\salad\file_test-salad-N_202.jpg,1280,720,salad,418,317,826,720
data\salad\file_test-salad-N_203.jpg,1280,720,salad,430,320,807,707
data\salad\file_test-salad-N_204.jpg,1280,720,salad,436,364,785,678
data\salad\file_test-salad-N_205.jpg,1280,720,salad,416,415,719,626
data\salad\file_test-salad-N_206.jpg,1280,720,salad,434,429,709,627
data\salad\file_test-salad-N_207.jpg,1280,720,salad,458,480,729,627
data\salad\file_test-salad-N_208.jpg,1280,720,salad,434,433,719,693
data\salad\file_test-salad-N_209.jpg,1280,720,salad,367,438,699,622
data\salad\file_test-salad-N_210.jpg,1280,720,salad,276,271,690,497
data\salad\file_test-salad-N_216.jpg,1280,720,salad,487,200,805,287
data\salad\file_test-salad-N_217.jpg,1280,720,salad,454,282,767,542
data\salad\file_test-salad-N_218.jpg,1280,720,salad,463,529,734,698
data\salad\file_test-salad-N_219.jpg,1280,720,salad,450,609,701,720
data\salad\file_test-salad-N_22.jpg,1280,720,salad,296,491,614,720
data\salad\file_test-salad-N_220.jpg,1280,720,salad,434,580,706,720
data\salad\file_test-salad-N_221.jpg,1280,720,salad,394,306,723,507
data\salad\file_test-salad-N_23.jpg,1280,720,salad,345,206,696,418
data\salad\file_test-salad-N_230.jpg,1280,720,salad,445,211,794,518
data\salad\file_test-salad-N_231.jpg,1280,720,salad,469,429,739,615
data\salad\file_test-salad-N_232.jpg,1280,720,salad,478,491,740,720
data\salad\file_test-salad-N_233.jpg,1280,720,salad,450,553,723,720
data\salad\file_test-salad-N_234.jpg,1280,720,salad,454,582,714,720
data\salad\file_test-salad-N_235.jpg,1280,720,salad,429,518,699,709
data\salad\file_test-salad-N_236.jpg,1280,720,salad,389,311,703,473
data\salad\file_test-salad-N_244.jpg,1280,720,salad,447,247,778,562
data\salad\file_test-salad-N_256.jpg,1280,720,salad,534,373,813,720
data\salad\file_test-salad-N_259.jpg,1280,720,salad,369,446,719,720
data\salad\file_test-salad-N_266.jpg,1280,720,salad,499,200,818,327
data\salad\file_test-salad-N_267.jpg,1280,720,salad,483,297,789,671
data\salad\file_test-salad-N_272.jpg,1280,720,salad,319,487,679,720
data\salad\file_test-salad-N_273.jpg,1280,720,salad,409,206,759,462
data\salad\file_test-salad-N_278.jpg,1280,720,salad,547,202,834,333
data\salad\file_test-salad-N_279.jpg,1280,720,salad,559,395,891,720
data\salad\file_test-salad-N_284.jpg,1280,720,salad,536,278,836,491
data\salad\file_test-salad-N_289.jpg,1280,720,salad,458,286,816,613
data\salad\file_test-salad-N_294.jpg,1280,720,salad,489,482,738,720
data\salad\file_test-salad-N_295.jpg,1280,720,salad,447,200,783,495
data\salad\file_test-salad-N_300.jpg,1280,720,salad,450,393,783,618
data\salad\file_test-salad-N_306.jpg,1280,720,salad,612,480,801,720
data\salad\file_test-salad-N_307.jpg,1280,720,salad,485,429,849,658
data\salad\file_test-salad-N_308.jpg,1280,720,salad,467,200,816,422
data\salad\file_test-salad-N_31.jpg,1280,720,salad,472,197,810,327
data\salad\file_test-salad-N_313.jpg,1280,720,salad,496,211,836,466
data\salad\file_test-salad-N_314.jpg,1280,720,salad,467,504,766,720
data\salad\file_test-salad-N_32.jpg,1280,720,salad,447,398,758,720
data\salad\file_test-salad-N_321.jpg,1280,720,salad,490,558,801,720
data\salad\file_test-salad-N_322.jpg,1280,720,salad,383,206,705,520
data\salad\file_test-salad-N_327.jpg,1280,720,salad,414,269,785,500
data\salad\file_test-salad-N_336.jpg,1280,720,salad,336,364,667,638
data\salad\file_test-salad-N_341.jpg,1280,720,salad,470,204,849,604
data\salad\file_test-salad-N_342.jpg,1280,720,salad,479,375,789,720
data\salad\file_test-salad-N_343.jpg,1280,720,salad,458,524,683,720
data\salad\file_test-salad-N_348.jpg,1280,720,salad,447,333,809,618
data\salad\file_test-salad-N_35.jpg,1280,720,salad,381,466,720,720
data\salad\file_test-salad-N_353.jpg,1280,720,salad,454,218,783,466
data\salad\file_test-salad-N_354.jpg,1280,720,salad,456,446,743,713
data\salad\file_test-salad-N_36.jpg,1280,720,salad,399,207,741,347
data\salad\file_test-salad-N_46.jpg,1280,720,salad,381,322,718,655
data\salad\file_test-salad-N_51.jpg,1280,720,salad,441,517,776,720
data\salad\file_test-salad-N_52.jpg,1280,720,salad,499,200,834,362
data\salad\file_test-salad-N_65.jpg,1280,720,salad,454,204,790,373
data\salad\file_test-salad-N_66.jpg,1280,720,salad,383,497,694,720
data\salad\file_test-salad-N_71.jpg,1280,720,salad,356,360,696,511
data\salad\file_test-salad-N_84.jpg,1280,720,salad,476,322,772,615
data\salad\file_test-salad-N_89.jpg,1280,720,salad,403,300,701,480
